Time,Colour_p4_01,Colour_p4_02,Colour_p4_03,Colour_p4_04
0.000,5.000,1.000,5.000,1.000,
0.010,5.000,1.000,5.000,1.000,
0.020,5.000,5.000,5.000,0.000,
0.030,1.000,5.000,5.000,0.000,
0.040,1.000,5.000,5.000,0.000,
0.050,1.000,5.000,5.000,0.000,
0.060,5.000,5.000,5.000,0.000,
0.070,5.000,5.000,1.000,0.000,
0.080,5.000,1.000,1.000,1.000,
0.090,5.000,1.000,5.000,1.000,
0.100,5.000,5.000,1.000,1.000,
0.110,5.000,0.000,1.000,0.000,
0.120,1.000,5.000,1.000,1.000,
0.130,5.000,5.000,5.000,0.000,
0.140,5.000,1.000,5.000,0.000,
0.150,5.000,1.000,5.000,0.000,
0.160,5.000,1.000,1.000,0.000,
0.170,5.000,1.000,1.000,0.000,
0.180,1.000,5.000,5.000,0.000,
0.190,0.000,5.000,5.000,0.000,
0.200,5.000,5.000,5.000,1.000,
0.210,5.000,5.000,1.000,0.000,
0.220,5.000,5.000,1.000,0.000,
0.230,1.000,5.000,1.000,0.000,
0.240,1.000,1.000,1.000,1.000,
0.250,5.000,1.000,5.000,0.000,
0.260,5.000,5.000,5.000,5.000,
0.270,5.000,5.000,5.000,5.000,
0.280,5.000,5.000,1.000,5.000,
0.290,5.000,5.000,5.000,5.000,
0.300,5.000,5.000,5.000,5.000,
0.310,5.000,1.000,5.000,5.000,
0.320,5.000,5.000,5.000,0.000,
0.330,1.000,1.000,1.000,0.000,
0.340,1.000,5.000,5.000,0.000,
0.350,1.000,5.000,5.000,0.000,
0.360,1.000,5.000,5.000,0.000,
0.370,5.000,5.000,5.000,0.000,
0.380,5.000,5.000,1.000,0.000,
0.390,5.000,5.000,1.000,0.000,
0.400,5.000,5.000,5.000,0.000,
0.410,1.000,1.000,1.000,0.000,
0.420,5.000,5.000,1.000,0.000,
0.430,5.000,5.000,5.000,0.000,
0.440,5.000,1.000,5.000,0.000,
0.450,5.000,1.000,5.000,0.000,
0.460,5.000,5.000,5.000,0.000,
0.470,5.000,5.000,5.000,0.000,
0.480,1.000,1.000,5.000,5.000,
0.490,5.000,1.000,5.000,5.000,
0.500,5.000,1.000,5.000,1.000,
0.510,5.000,5.000,5.000,5.000,
0.520,5.000,5.000,5.000,5.000,
0.530,5.000,5.000,5.000,5.000,
0.540,5.000,5.000,1.000,5.000,
0.550,5.000,5.000,5.000,1.000,
0.560,5.000,5.000,5.000,5.000,
0.570,5.000,5.000,5.000,5.000,
0.580,5.000,5.000,1.000,1.000,
0.590,1.000,5.000,1.000,5.000,
0.600,5.000,5.000,5.000,0.000,
0.610,5.000,5.000,5.000,5.000,
0.620,1.000,5.000,5.000,5.000,
0.630,5.000,1.000,1.000,0.000,
0.640,5.000,1.000,1.000,5.000,
0.650,5.000,5.000,5.000,0.000,
0.660,5.000,5.000,5.000,5.000,
0.670,5.000,5.000,5.000,0.000,
0.680,5.000,5.000,5.000,5.000,
0.690,5.000,5.000,5.000,5.000,
0.700,5.000,5.000,1.000,0.000,
0.710,5.000,5.000,5.000,0.000,
0.720,5.000,5.000,5.000,5.000,
0.730,5.000,1.000,5.000,5.000,
0.740,5.000,1.000,5.000,5.000,
0.750,5.000,1.000,5.000,0.000,
0.760,5.000,5.000,5.000,5.000,
0.770,1.000,1.000,5.000,5.000,
0.780,0.000,1.000,5.000,0.000,
0.790,5.000,1.000,1.000,1.000,
0.800,5.000,5.000,1.000,5.000,
0.810,1.000,1.000,1.000,0.000,
0.820,1.000,5.000,1.000,1.000,
0.830,1.000,1.000,1.000,5.000,
0.840,1.000,1.000,1.000,5.000,
0.850,1.000,1.000,1.000,0.000,
0.860,5.000,5.000,5.000,0.000,
0.870,1.000,5.000,5.000,1.000,
0.880,1.000,5.000,1.000,5.000,
0.890,1.000,5.000,1.000,5.000,
0.900,1.000,5.000,5.000,1.000,
0.910,1.000,1.000,5.000,1.000,
0.920,5.000,5.000,5.000,0.000,
0.930,5.000,5.000,5.000,1.000,
0.940,5.000,5.000,5.000,5.000,
0.950,5.000,5.000,1.000,5.000,
0.960,5.000,1.000,1.000,1.000,
0.970,1.000,5.000,1.000,1.000,
0.980,1.000,5.000,1.000,1.000,
0.990,5.000,5.000,5.000,1.000,
1.000,5.000,5.000,1.000,1.000,
1.010,5.000,5.000,1.000,1.000,
1.020,5.000,5.000,1.000,1.000,
1.030,5.000,5.000,1.000,1.000,
1.040,5.000,5.000,1.000,1.000,
1.050,5.000,1.000,1.000,1.000,
1.060,5.000,5.000,5.000,1.000,
1.070,1.000,5.000,5.000,1.000,
1.080,1.000,5.000,5.000,1.000,
1.090,1.000,5.000,5.000,1.000,
1.100,5.000,5.000,1.000,1.000,
1.110,5.000,5.000,1.000,1.000,
1.120,5.000,5.000,1.000,1.000,
1.130,1.000,5.000,1.000,1.000,
1.140,1.000,5.000,1.000,1.000,
1.150,5.000,1.000,1.000,1.000,
1.160,5.000,5.000,1.000,5.000,
1.170,1.000,5.000,1.000,1.000,
1.180,1.000,5.000,1.000,1.000,
1.190,1.000,5.000,1.000,1.000,
1.200,1.000,5.000,1.000,1.000,
1.210,1.000,1.000,1.000,1.000,
1.220,1.000,1.000,1.000,1.000,
1.230,1.000,1.000,1.000,1.000,
1.240,5.000,1.000,1.000,1.000,
1.250,5.000,5.000,1.000,1.000,
1.260,5.000,1.000,1.000,1.000,
1.270,1.000,5.000,1.000,1.000,
1.280,1.000,5.000,1.000,1.000,
1.290,1.000,5.000,1.000,1.000,
1.300,1.000,1.000,1.000,1.000,
1.310,1.000,1.000,1.000,1.000,
1.320,1.000,1.000,1.000,1.000,
1.330,1.000,5.000,1.000,1.000,
1.340,1.000,5.000,1.000,1.000,
1.350,1.000,5.000,1.000,1.000,
1.360,1.000,5.000,1.000,1.000,
1.370,1.000,5.000,1.000,1.000,
1.380,1.000,5.000,1.000,1.000,
1.390,1.000,5.000,1.000,1.000,
1.400,1.000,5.000,1.000,1.000,
1.410,1.000,5.000,1.000,1.000,
1.420,1.000,5.000,1.000,1.000,
1.430,1.000,5.000,1.000,1.000,
1.440,1.000,5.000,1.000,1.000,
1.450,1.000,5.000,1.000,1.000,
1.460,1.000,5.000,1.000,1.000,
1.470,1.000,5.000,1.000,1.000,
1.480,1.000,5.000,1.000,1.000,
1.490,1.000,5.000,1.000,1.000,
1.500,1.000,5.000,1.000,1.000,
1.510,1.000,5.000,1.000,1.000,
1.520,1.000,5.000,2.000,1.000,
1.530,1.000,5.000,2.000,1.000,
1.540,1.000,5.000,2.000,1.000,
1.550,1.000,5.000,2.000,2.000,
1.560,1.000,5.000,2.000,2.000,
1.570,1.000,5.000,2.000,2.000,
1.580,1.000,5.000,2.000,2.000,
1.590,1.000,5.000,2.000,2.000,
1.600,1.000,5.000,2.000,2.000,
1.610,1.000,5.000,2.000,2.000,
1.620,1.000,5.000,2.000,2.000,
1.630,1.000,5.000,6.000,2.000,
1.640,1.000,5.000,6.000,2.000,
1.650,1.000,5.000,6.000,2.000,
1.660,1.000,5.000,6.000,2.000,
1.670,1.000,5.000,6.000,2.000,
1.680,1.000,5.000,6.000,2.000,
1.690,1.000,5.000,6.000,2.000,
1.700,1.000,5.000,6.000,2.000,
1.710,1.000,5.000,6.000,2.000,
1.720,1.000,5.000,6.000,6.000,
1.730,1.000,5.000,6.000,6.000,
1.740,1.000,5.000,6.000,6.000,
1.750,1.000,5.000,6.000,6.000,
1.760,1.000,5.000,6.000,6.000,
1.770,1.000,1.000,6.000,6.000,
1.780,4.000,5.000,6.000,6.000,
1.790,4.000,5.000,6.000,6.000,
1.800,4.000,5.000,6.000,6.000,
1.810,4.000,5.000,6.000,6.000,
1.820,6.000,5.000,6.000,6.000,
1.830,6.000,5.000,6.000,6.000,
1.840,6.000,5.000,6.000,6.000,
1.850,6.000,5.000,6.000,6.000,
1.860,6.000,5.000,6.000,6.000,
1.870,6.000,5.000,6.000,6.000,
1.880,6.000,1.000,6.000,6.000,
1.890,6.000,0.000,6.000,6.000,
1.900,6.000,5.000,6.000,6.000,
1.910,6.000,5.000,6.000,6.000,
1.920,6.000,5.000,6.000,6.000,
1.930,6.000,5.000,6.000,6.000,
1.940,6.000,5.000,6.000,6.000,
1.950,6.000,0.000,6.000,6.000,
1.960,6.000,5.000,6.000,6.000,
1.970,6.000,1.000,6.000,6.000,
1.980,6.000,1.000,6.000,6.000,
1.990,6.000,1.000,6.000,6.000,
2.000,6.000,5.000,6.000,6.000,
2.010,6.000,5.000,6.000,6.000,
2.020,6.000,1.000,6.000,6.000,
2.030,6.000,1.000,6.000,6.000,
2.040,6.000,1.000,6.000,6.000,
2.050,6.000,5.000,6.000,6.000,
2.060,6.000,1.000,6.000,6.000,
2.070,6.000,1.000,6.000,6.000,
2.080,6.000,1.000,6.000,6.000,
2.090,6.000,1.000,6.000,6.000,
2.100,6.000,5.000,6.000,6.000,
2.110,6.000,1.000,6.000,6.000,
2.120,6.000,5.000,6.000,6.000,
2.130,6.000,5.000,6.000,6.000,
2.140,6.000,5.000,6.000,6.000,
2.150,6.000,1.000,6.000,6.000,
2.160,6.000,1.000,6.000,6.000,
2.170,6.000,1.000,6.000,6.000,
2.180,6.000,5.000,6.000,6.000,
2.190,6.000,5.000,6.000,6.000,
2.200,6.000,1.000,6.000,6.000,
2.210,6.000,1.000,6.000,6.000,
2.220,6.000,5.000,6.000,6.000,
2.230,6.000,5.000,6.000,6.000,
2.240,6.000,5.000,6.000,6.000,
2.250,6.000,1.000,6.000,6.000,
2.260,6.000,5.000,6.000,6.000,
2.270,6.000,5.000,6.000,6.000,
2.280,6.000,1.000,6.000,6.000,
2.290,6.000,1.000,6.000,6.000,
2.300,6.000,1.000,6.000,6.000,
2.310,6.000,5.000,6.000,6.000,
2.320,6.000,5.000,6.000,6.000,
2.330,6.000,5.000,6.000,6.000,
2.340,6.000,1.000,6.000,6.000,
2.350,6.000,1.000,6.000,6.000,
2.360,6.000,1.000,6.000,6.000,
2.370,6.000,1.000,6.000,6.000,
2.380,6.000,1.000,6.000,6.000,
2.390,6.000,1.000,6.000,6.000,
2.400,6.000,1.000,6.000,6.000,
2.410,6.000,1.000,6.000,6.000,
2.420,6.000,1.000,6.000,6.000,
2.430,6.000,1.000,6.000,6.000,
2.440,6.000,1.000,6.000,6.000,
2.450,6.000,1.000,6.000,6.000,
2.460,6.000,1.000,6.000,6.000,
2.470,6.000,1.000,6.000,6.000,
2.480,6.000,1.000,6.000,6.000,
2.490,6.000,1.000,6.000,6.000,
2.500,6.000,1.000,6.000,6.000,
2.510,6.000,1.000,6.000,6.000,
2.520,6.000,1.000,6.000,6.000,
2.530,6.000,1.000,6.000,6.000,
2.540,6.000,1.000,6.000,6.000,
2.550,6.000,1.000,6.000,6.000,
2.560,6.000,1.000,6.000,6.000,
2.570,6.000,1.000,6.000,6.000,
2.580,6.000,1.000,6.000,6.000,
2.590,6.000,1.000,6.000,6.000,
2.600,6.000,1.000,6.000,6.000,
2.610,6.000,1.000,6.000,6.000,
2.620,6.000,1.000,6.000,6.000,
2.630,6.000,1.000,6.000,6.000,
2.640,6.000,1.000,6.000,6.000,
2.650,6.000,1.000,6.000,6.000,
2.660,6.000,1.000,6.000,6.000,
2.670,6.000,1.000,6.000,6.000,
2.680,6.000,1.000,6.000,6.000,
2.690,6.000,2.000,6.000,6.000,
2.700,6.000,2.000,6.000,6.000,
2.710,6.000,2.000,6.000,6.000,
2.720,6.000,2.000,6.000,6.000,
2.730,6.000,2.000,6.000,6.000,
2.740,6.000,2.000,6.000,6.000,
2.750,6.000,2.000,6.000,6.000,
2.760,6.000,2.000,6.000,6.000,
2.770,6.000,2.000,6.000,6.000,
2.780,6.000,2.000,6.000,6.000,
2.790,6.000,6.000,6.000,6.000,
2.800,6.000,6.000,6.000,6.000,
2.810,6.000,6.000,6.000,6.000,
2.820,6.000,6.000,6.000,6.000,
2.830,6.000,6.000,6.000,6.000,
2.840,6.000,6.000,6.000,6.000,
2.850,6.000,6.000,6.000,6.000,
2.860,6.000,6.000,6.000,6.000,
2.870,6.000,6.000,6.000,6.000,
2.880,6.000,6.000,6.000,6.000,
2.890,6.000,6.000,6.000,6.000,
2.900,6.000,6.000,6.000,6.000,
2.910,6.000,6.000,6.000,6.000,
2.920,6.000,6.000,6.000,6.000,
2.930,6.000,6.000,6.000,6.000,
2.940,6.000,6.000,6.000,6.000,
2.950,6.000,6.000,6.000,6.000,
2.960,6.000,6.000,6.000,6.000,
2.970,6.000,6.000,6.000,6.000,
2.980,6.000,6.000,6.000,6.000,
2.990,6.000,6.000,6.000,6.000,
3.000,6.000,6.000,6.000,6.000,
3.010,6.000,6.000,6.000,6.000,
3.020,6.000,6.000,6.000,6.000,
3.030,6.000,6.000,6.000,6.000,
3.040,6.000,6.000,6.000,6.000,
3.050,6.000,6.000,6.000,6.000,
3.060,6.000,6.000,6.000,6.000,
3.070,6.000,6.000,6.000,6.000,
3.080,6.000,6.000,6.000,6.000,
3.090,6.000,6.000,6.000,6.000,
3.100,6.000,6.000,6.000,6.000,
3.110,6.000,6.000,6.000,6.000,
3.120,6.000,6.000,6.000,6.000,
3.130,6.000,6.000,6.000,6.000,
3.140,6.000,6.000,6.000,6.000,
3.150,6.000,6.000,6.000,6.000,
3.160,6.000,6.000,6.000,6.000,
3.170,6.000,6.000,6.000,6.000,
3.180,6.000,6.000,6.000,6.000,
3.190,6.000,6.000,6.000,6.000,
3.200,6.000,6.000,6.000,6.000,
3.210,6.000,6.000,6.000,6.000,
3.220,6.000,6.000,6.000,6.000,
3.230,6.000,6.000,6.000,6.000,
3.240,6.000,6.000,6.000,6.000,
3.250,6.000,6.000,6.000,6.000,
3.260,6.000,6.000,6.000,6.000,
3.270,6.000,6.000,6.000,6.000,
3.280,6.000,6.000,6.000,6.000,
3.290,6.000,6.000,6.000,6.000,
3.300,6.000,6.000,6.000,6.000,
3.310,6.000,6.000,6.000,6.000,
3.320,6.000,6.000,6.000,6.000,
3.330,6.000,6.000,6.000,6.000,
3.340,6.000,6.000,6.000,6.000,
3.350,6.000,6.000,6.000,6.000,
3.360,6.000,6.000,6.000,6.000,
3.370,6.000,6.000,6.000,6.000,
3.380,6.000,6.000,6.000,6.000,
3.390,6.000,6.000,6.000,6.000,
3.400,6.000,6.000,6.000,6.000,
3.410,6.000,6.000,6.000,6.000,
3.420,6.000,6.000,6.000,6.000,
3.430,6.000,6.000,6.000,6.000,
3.440,6.000,6.000,6.000,6.000,
3.450,6.000,6.000,6.000,6.000,
3.460,6.000,6.000,6.000,6.000,
3.470,6.000,6.000,6.000,6.000,
3.480,6.000,6.000,6.000,6.000,
3.490,6.000,6.000,6.000,6.000,
3.500,6.000,6.000,6.000,6.000,
3.510,6.000,6.000,6.000,6.000,
3.520,6.000,6.000,6.000,6.000,
3.530,6.000,6.000,6.000,6.000,
3.540,6.000,6.000,6.000,6.000,
3.550,6.000,6.000,6.000,6.000,
3.560,6.000,6.000,6.000,6.000,
3.570,6.000,6.000,6.000,6.000,
3.580,6.000,6.000,6.000,6.000,
3.590,6.000,6.000,6.000,6.000,
3.600,6.000,6.000,6.000,6.000,
3.610,6.000,6.000,6.000,6.000,
3.620,6.000,6.000,6.000,6.000,
3.630,6.000,6.000,6.000,6.000,
3.640,6.000,6.000,6.000,6.000,
3.650,6.000,6.000,6.000,6.000,
3.660,6.000,6.000,6.000,6.000,
3.670,6.000,6.000,6.000,6.000,
3.680,6.000,6.000,6.000,6.000,
3.690,6.000,6.000,6.000,6.000,
3.700,6.000,6.000,6.000,6.000,
3.710,6.000,6.000,6.000,4.000,
3.720,6.000,6.000,6.000,4.000,
3.730,6.000,6.000,6.000,4.000,
3.740,6.000,6.000,6.000,4.000,
3.750,6.000,6.000,6.000,4.000,
3.760,6.000,6.000,4.000,4.000,
3.770,6.000,6.000,4.000,4.000,
3.780,6.000,6.000,4.000,4.000,
3.790,6.000,6.000,4.000,4.000,
3.800,6.000,6.000,4.000,4.000,
3.810,6.000,6.000,4.000,4.000,
3.820,6.000,6.000,4.000,4.000,
3.830,6.000,6.000,4.000,4.000,
3.840,6.000,6.000,4.000,4.000,
3.850,6.000,6.000,4.000,4.000,
3.860,6.000,6.000,4.000,4.000,
3.870,6.000,6.000,4.000,4.000,
3.880,6.000,6.000,4.000,4.000,
3.890,6.000,6.000,4.000,4.000,
3.900,6.000,6.000,4.000,4.000,
3.910,6.000,6.000,4.000,4.000,
3.920,6.000,6.000,4.000,4.000,
3.930,6.000,6.000,4.000,4.000,
3.940,4.000,6.000,4.000,4.000,
3.950,4.000,6.000,4.000,4.000,
3.960,4.000,6.000,4.000,4.000,
3.970,4.000,6.000,4.000,4.000,
3.980,4.000,6.000,4.000,4.000,
3.990,4.000,6.000,4.000,4.000,
4.000,4.000,6.000,4.000,4.000,
4.010,4.000,6.000,4.000,4.000,
4.020,4.000,6.000,4.000,4.000,
4.030,4.000,6.000,4.000,4.000,
4.040,4.000,6.000,4.000,4.000,
4.050,4.000,6.000,4.000,4.000,
4.060,4.000,6.000,4.000,4.000,
4.070,4.000,6.000,4.000,4.000,
4.080,4.000,6.000,4.000,4.000,
4.090,4.000,6.000,4.000,4.000,
4.100,4.000,6.000,4.000,4.000,
4.110,4.000,6.000,4.000,4.000,
4.120,4.000,6.000,4.000,4.000,
4.130,4.000,6.000,4.000,4.000,
4.140,4.000,6.000,4.000,5.000,
4.150,4.000,6.000,4.000,5.000,
4.160,4.000,6.000,4.000,5.000,
4.170,4.000,6.000,4.000,5.000,
4.180,4.000,6.000,4.000,5.000,
4.190,4.000,6.000,4.000,5.000,
4.200,4.000,6.000,4.000,5.000,
4.210,4.000,6.000,4.000,5.000,
4.220,4.000,6.000,4.000,5.000,
4.230,4.000,6.000,4.000,5.000,
4.240,4.000,6.000,4.000,5.000,
4.250,4.000,6.000,4.000,5.000,
4.260,4.000,6.000,5.000,5.000,
4.270,4.000,6.000,5.000,5.000,
4.280,4.000,6.000,5.000,5.000,
4.290,4.000,6.000,5.000,5.000,
4.300,4.000,6.000,5.000,5.000,
4.310,4.000,6.000,5.000,5.000,
4.320,4.000,6.000,5.000,5.000,
4.330,4.000,6.000,5.000,5.000,
4.340,4.000,6.000,5.000,5.000,
4.350,4.000,6.000,5.000,5.000,
4.360,4.000,6.000,5.000,5.000,
4.370,4.000,6.000,5.000,5.000,
4.380,4.000,6.000,5.000,5.000,
4.390,4.000,6.000,5.000,5.000,
4.400,4.000,6.000,5.000,5.000,
4.410,4.000,6.000,5.000,5.000,
4.420,4.000,6.000,5.000,5.000,
4.430,4.000,6.000,5.000,5.000,
4.440,4.000,6.000,5.000,5.000,
4.450,4.000,6.000,5.000,5.000,
4.460,4.000,6.000,5.000,5.000,
4.470,4.000,6.000,7.000,5.000,
4.480,4.000,6.000,7.000,5.000,
4.490,4.000,6.000,7.000,5.000,
4.500,4.000,6.000,7.000,5.000,
4.510,4.000,6.000,7.000,5.000,
4.520,4.000,6.000,7.000,4.000,
4.530,7.000,6.000,7.000,7.000,
4.540,7.000,6.000,7.000,7.000,
4.550,7.000,6.000,7.000,7.000,
4.560,7.000,6.000,7.000,7.000,
4.570,7.000,6.000,7.000,7.000,
4.580,7.000,6.000,7.000,7.000,
4.590,7.000,6.000,7.000,7.000,
4.600,7.000,6.000,3.000,7.000,
4.610,7.000,6.000,3.000,7.000,
4.620,7.000,6.000,3.000,7.000,
4.630,7.000,6.000,3.000,7.000,
4.640,7.000,6.000,3.000,7.000,
4.650,1.000,6.000,3.000,7.000,
4.660,1.000,6.000,3.000,7.000,
4.670,1.000,6.000,3.000,1.000,
4.680,1.000,6.000,3.000,3.000,
4.690,3.000,6.000,3.000,3.000,
4.700,3.000,6.000,3.000,3.000,
4.710,3.000,6.000,3.000,3.000,
4.720,3.000,6.000,3.000,3.000,
4.730,3.000,6.000,3.000,3.000,
4.740,3.000,6.000,3.000,3.000,
4.750,3.000,6.000,3.000,3.000,
4.760,3.000,6.000,3.000,3.000,
4.770,3.000,4.000,3.000,3.000,
4.780,3.000,4.000,3.000,3.000,
4.790,3.000,4.000,3.000,3.000,
4.800,3.000,4.000,3.000,3.000,
4.810,3.000,4.000,3.000,3.000,
4.820,3.000,4.000,3.000,3.000,
4.830,3.000,4.000,3.000,3.000,
4.840,3.000,4.000,3.000,3.000,
4.850,3.000,4.000,3.000,3.000,
4.860,3.000,4.000,3.000,3.000,
4.870,3.000,4.000,3.000,3.000,
4.880,3.000,4.000,3.000,3.000,
4.890,3.000,4.000,3.000,3.000,
4.900,2.000,4.000,2.000,3.000,
4.910,2.000,4.000,2.000,3.000,
4.920,2.000,4.000,2.000,2.000,
4.930,2.000,4.000,2.000,2.000,
4.940,2.000,4.000,2.000,2.000,
4.950,2.000,4.000,2.000,2.000,
4.960,2.000,4.000,2.000,2.000,
4.970,2.000,4.000,2.000,2.000,
4.980,2.000,4.000,2.000,2.000,
4.990,2.000,4.000,2.000,2.000,
5.000,2.000,4.000,2.000,2.000,
5.010,2.000,4.000,2.000,2.000,
5.020,2.000,4.000,2.000,2.000,
5.030,2.000,4.000,2.000,2.000,
5.040,2.000,4.000,2.000,2.000,
5.050,2.000,4.000,2.000,2.000,
5.060,2.000,4.000,2.000,2.000,
5.070,2.000,4.000,2.000,2.000,
5.080,2.000,4.000,2.000,2.000,
5.090,2.000,4.000,2.000,2.000,
5.100,2.000,4.000,2.000,2.000,
5.110,2.000,4.000,2.000,2.000,
5.120,2.000,4.000,2.000,2.000,
5.130,2.000,4.000,2.000,2.000,
5.140,2.000,4.000,2.000,2.000,
5.150,2.000,4.000,2.000,2.000,
5.160,2.000,4.000,2.000,2.000,
5.170,2.000,4.000,2.000,2.000,
5.180,2.000,4.000,2.000,2.000,
5.190,2.000,4.000,2.000,2.000,
5.200,2.000,4.000,2.000,2.000,
5.210,2.000,4.000,2.000,2.000,
5.220,2.000,4.000,2.000,2.000,
5.230,2.000,4.000,2.000,2.000,
5.240,2.000,4.000,2.000,2.000,
5.250,2.000,4.000,2.000,2.000,
5.260,2.000,4.000,2.000,2.000,
5.270,2.000,4.000,2.000,2.000,
5.280,2.000,4.000,2.000,2.000,
5.290,2.000,4.000,2.000,2.000,
5.300,2.000,4.000,2.000,2.000,
5.310,2.000,5.000,2.000,2.000,
5.320,2.000,5.000,2.000,2.000,
5.330,2.000,5.000,2.000,2.000,
5.340,2.000,5.000,2.000,2.000,
5.350,2.000,5.000,2.000,2.000,
5.360,2.000,5.000,2.000,2.000,
5.370,2.000,5.000,2.000,2.000,
5.380,2.000,5.000,2.000,2.000,
5.390,2.000,5.000,2.000,2.000,
5.400,2.000,5.000,2.000,2.000,
5.410,2.000,5.000,2.000,2.000,
5.420,2.000,5.000,2.000,2.000,
5.430,2.000,5.000,2.000,2.000,
5.440,2.000,5.000,2.000,2.000,
5.450,2.000,5.000,2.000,2.000,
5.460,2.000,5.000,2.000,2.000,
5.470,2.000,5.000,2.000,2.000,
5.480,2.000,5.000,4.000,2.000,
5.490,2.000,5.000,4.000,2.000,
5.500,2.000,5.000,4.000,2.000,
5.510,2.000,5.000,4.000,2.000,
5.520,2.000,5.000,4.000,2.000,
5.530,2.000,5.000,4.000,2.000,
5.540,2.000,5.000,4.000,2.000,
5.550,2.000,5.000,4.000,4.000,
5.560,2.000,5.000,4.000,4.000,
5.570,2.000,5.000,4.000,4.000,
5.580,2.000,5.000,4.000,4.000,
5.590,4.000,5.000,4.000,4.000,
5.600,4.000,5.000,4.000,4.000,
5.610,4.000,5.000,4.000,4.000,
5.620,4.000,5.000,4.000,4.000,
5.630,4.000,7.000,4.000,4.000,
5.640,4.000,7.000,4.000,4.000,
5.650,4.000,7.000,4.000,4.000,
5.660,4.000,7.000,4.000,4.000,
5.670,4.000,7.000,4.000,4.000,
5.680,4.000,7.000,4.000,4.000,
5.690,4.000,1.000,4.000,4.000,
5.700,4.000,1.000,4.000,4.000,
5.710,4.000,1.000,4.000,4.000,
5.720,4.000,3.000,4.000,4.000,
5.730,4.000,3.000,4.000,4.000,
5.740,4.000,3.000,4.000,4.000,
5.750,4.000,3.000,4.000,4.000,
5.760,4.000,3.000,4.000,4.000,
5.770,4.000,3.000,4.000,4.000,
5.780,4.000,3.000,4.000,4.000,
5.790,4.000,3.000,4.000,4.000,
5.800,4.000,3.000,4.000,4.000,
5.810,4.000,3.000,4.000,4.000,
5.820,4.000,3.000,4.000,4.000,
5.830,4.000,3.000,4.000,4.000,
5.840,4.000,3.000,4.000,4.000,
5.850,4.000,3.000,4.000,4.000,
5.860,4.000,3.000,4.000,4.000,
5.870,4.000,3.000,4.000,4.000,
5.880,4.000,3.000,4.000,4.000,
5.890,4.000,3.000,4.000,4.000,
5.900,4.000,3.000,4.000,4.000,
5.910,4.000,3.000,4.000,4.000,
5.920,4.000,3.000,4.000,4.000,
5.930,4.000,3.000,4.000,4.000,
5.940,4.000,3.000,4.000,4.000,
5.950,4.000,3.000,4.000,4.000,
5.960,4.000,3.000,4.000,4.000,
5.970,4.000,3.000,4.000,4.000,
5.980,4.000,3.000,4.000,4.000,
5.990,4.000,3.000,4.000,4.000,
6.000,4.000,2.000,4.000,4.000,
6.010,4.000,2.000,4.000,4.000,
6.020,4.000,2.000,4.000,4.000,
6.030,4.000,2.000,4.000,4.000,
6.040,4.000,2.000,4.000,4.000,
6.050,4.000,2.000,4.000,4.000,
6.060,4.000,2.000,4.000,4.000,
6.070,4.000,2.000,4.000,4.000,
6.080,4.000,2.000,4.000,4.000,
6.090,4.000,2.000,4.000,4.000,
6.100,4.000,2.000,4.000,4.000,
6.110,4.000,2.000,4.000,4.000,
6.120,4.000,2.000,4.000,4.000,
6.130,4.000,2.000,4.000,4.000,
6.140,4.000,2.000,4.000,4.000,
6.150,4.000,2.000,4.000,4.000,
6.160,4.000,2.000,4.000,4.000,
6.170,4.000,2.000,4.000,4.000,
6.180,4.000,2.000,4.000,4.000,
6.190,4.000,2.000,4.000,4.000,
6.200,4.000,2.000,4.000,4.000,
6.210,4.000,2.000,4.000,4.000,
6.220,4.000,2.000,4.000,4.000,
6.230,4.000,2.000,4.000,4.000,
6.240,4.000,2.000,4.000,4.000,
6.250,4.000,2.000,4.000,4.000,
6.260,4.000,2.000,4.000,4.000,
6.270,4.000,2.000,4.000,4.000,
6.280,4.000,2.000,4.000,4.000,
6.290,4.000,2.000,4.000,4.000,
6.300,4.000,2.000,4.000,4.000,
6.310,4.000,2.000,4.000,4.000,
6.320,4.000,2.000,4.000,4.000,
6.330,4.000,2.000,4.000,4.000,
6.340,4.000,2.000,4.000,4.000,
6.350,4.000,2.000,4.000,4.000,
6.360,4.000,2.000,4.000,4.000,
6.370,4.000,2.000,4.000,4.000,
6.380,4.000,2.000,4.000,4.000,
6.390,4.000,2.000,4.000,4.000,
6.400,4.000,2.000,4.000,4.000,
6.410,4.000,2.000,4.000,4.000,
6.420,4.000,2.000,4.000,4.000,
6.430,4.000,2.000,4.000,4.000,
6.440,4.000,2.000,4.000,4.000,
6.450,4.000,2.000,4.000,4.000,
6.460,4.000,2.000,4.000,4.000,
6.470,4.000,2.000,4.000,4.000,
6.480,4.000,2.000,4.000,4.000,
6.490,4.000,2.000,4.000,5.000,
6.500,4.000,2.000,4.000,5.000,
6.510,4.000,2.000,4.000,5.000,
6.520,4.000,2.000,4.000,5.000,
6.530,4.000,2.000,4.000,5.000,
6.540,4.000,2.000,4.000,5.000,
6.550,5.000,2.000,4.000,5.000,
6.560,5.000,2.000,4.000,5.000,
6.570,5.000,2.000,4.000,5.000,
6.580,5.000,2.000,4.000,5.000,
6.590,5.000,2.000,4.000,5.000,
6.600,5.000,2.000,5.000,5.000,
6.610,5.000,2.000,5.000,5.000,
6.620,5.000,2.000,5.000,5.000,
6.630,5.000,2.000,5.000,5.000,
6.640,5.000,2.000,5.000,5.000,
6.650,5.000,2.000,5.000,5.000,
6.660,5.000,2.000,5.000,5.000,
6.670,5.000,2.000,5.000,5.000,
6.680,5.000,2.000,5.000,5.000,
6.690,5.000,2.000,5.000,5.000,
6.700,5.000,2.000,5.000,5.000,
6.710,5.000,2.000,5.000,5.000,
6.720,5.000,2.000,5.000,5.000,
6.730,5.000,2.000,5.000,5.000,
6.740,5.000,2.000,5.000,5.000,
6.750,5.000,2.000,5.000,5.000,
6.760,5.000,2.000,5.000,5.000,
6.770,5.000,2.000,5.000,5.000,
6.780,5.000,2.000,5.000,5.000,
6.790,5.000,2.000,5.000,5.000,
6.800,5.000,2.000,5.000,5.000,
6.810,5.000,2.000,5.000,5.000,
6.820,5.000,4.000,5.000,5.000,
6.830,5.000,4.000,5.000,5.000,
6.840,5.000,4.000,5.000,5.000,
6.850,5.000,4.000,5.000,5.000,
6.860,5.000,4.000,5.000,5.000,
6.870,5.000,4.000,5.000,5.000,
6.880,5.000,4.000,5.000,5.000,
6.890,5.000,4.000,5.000,5.000,
6.900,5.000,4.000,5.000,5.000,
6.910,5.000,4.000,5.000,5.000,
6.920,5.000,4.000,5.000,5.000,
6.930,5.000,4.000,5.000,5.000,
6.940,5.000,4.000,5.000,5.000,
6.950,5.000,4.000,5.000,5.000,
6.960,5.000,4.000,5.000,5.000,
6.970,5.000,4.000,5.000,5.000,
6.980,5.000,4.000,5.000,5.000,
6.990,5.000,4.000,5.000,5.000,
7.000,5.000,4.000,5.000,5.000,
7.010,5.000,4.000,5.000,5.000,
7.020,5.000,4.000,5.000,5.000,
7.030,5.000,4.000,5.000,5.000,
7.040,5.000,4.000,5.000,5.000,
7.050,5.000,4.000,5.000,5.000,
7.060,5.000,4.000,5.000,5.000,
7.070,5.000,4.000,5.000,5.000,
7.080,5.000,4.000,5.000,5.000,
7.090,5.000,4.000,5.000,5.000,
7.100,5.000,4.000,5.000,5.000,
7.110,5.000,4.000,5.000,5.000,
7.120,5.000,4.000,5.000,5.000,
7.130,5.000,4.000,5.000,5.000,
7.140,5.000,4.000,5.000,5.000,
7.150,5.000,4.000,5.000,5.000,
7.160,5.000,4.000,5.000,5.000,
7.170,5.000,4.000,5.000,5.000,
7.180,5.000,4.000,5.000,5.000,
7.190,5.000,4.000,5.000,5.000,
7.200,5.000,4.000,5.000,5.000,
7.210,5.000,4.000,5.000,5.000,
7.220,5.000,4.000,5.000,5.000,
7.230,5.000,4.000,5.000,5.000,
7.240,5.000,4.000,5.000,5.000,
7.250,5.000,4.000,5.000,5.000,
7.260,5.000,4.000,5.000,5.000,
7.270,5.000,4.000,5.000,5.000,
7.280,5.000,4.000,5.000,5.000,
7.290,5.000,4.000,5.000,5.000,
7.300,7.000,4.000,5.000,7.000,
7.310,7.000,4.000,5.000,7.000,
7.320,7.000,4.000,5.000,7.000,
7.330,7.000,4.000,5.000,7.000,
7.340,7.000,4.000,5.000,7.000,
7.350,7.000,4.000,7.000,7.000,
7.360,7.000,4.000,7.000,7.000,
7.370,7.000,4.000,7.000,3.000,
7.380,7.000,4.000,7.000,3.000,
7.390,7.000,4.000,7.000,3.000,
7.400,7.000,4.000,7.000,3.000,
7.410,7.000,4.000,7.000,3.000,
7.420,7.000,4.000,7.000,3.000,
7.430,7.000,4.000,3.000,3.000,
7.440,7.000,4.000,3.000,3.000,
7.450,7.000,4.000,3.000,3.000,
7.460,7.000,4.000,3.000,3.000,
7.470,7.000,4.000,3.000,3.000,
7.480,7.000,4.000,3.000,3.000,
7.490,7.000,4.000,3.000,3.000,
7.500,7.000,4.000,3.000,3.000,
7.510,7.000,4.000,3.000,3.000,
7.520,7.000,4.000,3.000,3.000,
7.530,7.000,4.000,3.000,3.000,
7.540,7.000,4.000,3.000,3.000,
7.550,7.000,4.000,3.000,3.000,
7.560,7.000,4.000,3.000,3.000,
7.570,3.000,4.000,3.000,3.000,
7.580,3.000,4.000,3.000,3.000,
7.590,3.000,4.000,3.000,3.000,
7.600,3.000,4.000,3.000,3.000,
7.610,3.000,5.000,3.000,3.000,
7.620,3.000,5.000,3.000,3.000,
7.630,3.000,5.000,3.000,3.000,
7.640,3.000,5.000,3.000,3.000,
7.650,3.000,5.000,3.000,3.000,
7.660,3.000,5.000,3.000,3.000,
7.670,3.000,5.000,3.000,3.000,
7.680,3.000,5.000,3.000,3.000,
7.690,3.000,5.000,3.000,3.000,
7.700,3.000,5.000,3.000,3.000,
7.710,3.000,5.000,3.000,3.000,
7.720,3.000,5.000,3.000,3.000,
7.730,3.000,5.000,3.000,3.000,
7.740,3.000,5.000,3.000,3.000,
7.750,3.000,5.000,3.000,3.000,
7.760,3.000,5.000,3.000,3.000,
7.770,3.000,5.000,3.000,3.000,
7.780,3.000,5.000,3.000,3.000,
7.790,3.000,5.000,3.000,3.000,
7.800,3.000,5.000,3.000,3.000,
7.810,3.000,5.000,3.000,3.000,
7.820,3.000,5.000,3.000,3.000,
7.830,3.000,5.000,3.000,3.000,
7.840,3.000,5.000,3.000,3.000,
7.850,3.000,5.000,3.000,3.000,
7.860,3.000,5.000,3.000,3.000,
7.870,3.000,5.000,3.000,3.000,
7.880,3.000,5.000,3.000,3.000,
7.890,3.000,5.000,3.000,3.000,
7.900,3.000,5.000,3.000,3.000,
7.910,3.000,5.000,3.000,3.000,
7.920,3.000,5.000,3.000,3.000,
7.930,3.000,5.000,3.000,3.000,
7.940,3.000,5.000,3.000,3.000,
7.950,3.000,5.000,3.000,3.000,
7.960,3.000,5.000,3.000,3.000,
7.970,3.000,5.000,3.000,3.000,
7.980,3.000,5.000,3.000,3.000,
7.990,3.000,5.000,3.000,3.000,
8.000,3.000,5.000,2.000,3.000,
8.010,3.000,5.000,2.000,3.000,
8.020,3.000,5.000,2.000,3.000,
8.030,3.000,5.000,2.000,3.000,
8.040,3.000,5.000,2.000,3.000,
8.050,3.000,5.000,2.000,3.000,
8.060,3.000,5.000,2.000,3.000,
8.070,3.000,5.000,2.000,3.000,
8.080,3.000,5.000,2.000,3.000,
8.090,3.000,5.000,2.000,3.000,
8.100,3.000,5.000,2.000,3.000,
8.110,3.000,5.000,2.000,3.000,
8.120,3.000,5.000,2.000,2.000,
8.130,3.000,5.000,2.000,2.000,
8.140,3.000,5.000,2.000,2.000,
8.150,3.000,5.000,2.000,2.000,
8.160,3.000,5.000,2.000,2.000,
8.170,3.000,5.000,2.000,2.000,
8.180,3.000,5.000,2.000,2.000,
8.190,3.000,5.000,2.000,2.000,
8.200,3.000,5.000,2.000,2.000,
8.210,3.000,5.000,2.000,2.000,
8.220,3.000,5.000,2.000,2.000,
8.230,3.000,5.000,2.000,2.000,
8.240,3.000,5.000,2.000,2.000,
8.250,3.000,5.000,2.000,2.000,
8.260,3.000,5.000,2.000,2.000,
8.270,3.000,5.000,2.000,2.000,
8.280,3.000,5.000,2.000,2.000,
8.290,2.000,5.000,2.000,2.000,
8.300,2.000,5.000,2.000,2.000,
8.310,2.000,5.000,2.000,2.000,
8.320,2.000,5.000,2.000,2.000,
8.330,2.000,5.000,2.000,2.000,
8.340,2.000,5.000,2.000,2.000,
8.350,2.000,5.000,2.000,2.000,
8.360,2.000,5.000,2.000,2.000,
8.370,2.000,5.000,2.000,2.000,
8.380,2.000,5.000,2.000,2.000,
8.390,2.000,4.000,2.000,2.000,
8.400,2.000,7.000,2.000,2.000,
8.410,2.000,7.000,2.000,2.000,
8.420,2.000,7.000,2.000,2.000,
8.430,2.000,7.000,2.000,2.000,
8.440,2.000,7.000,2.000,2.000,
8.450,2.000,7.000,2.000,2.000,
8.460,2.000,7.000,2.000,2.000,
8.470,2.000,7.000,2.000,2.000,
8.480,2.000,7.000,2.000,2.000,
8.490,2.000,7.000,2.000,2.000,
8.500,2.000,7.000,2.000,2.000,
8.510,2.000,7.000,2.000,2.000,
8.520,2.000,7.000,2.000,2.000,
8.530,2.000,7.000,2.000,2.000,
8.540,2.000,7.000,2.000,2.000,
8.550,2.000,7.000,2.000,2.000,
8.560,2.000,7.000,2.000,2.000,
8.570,2.000,7.000,2.000,2.000,
8.580,2.000,3.000,2.000,2.000,
8.590,2.000,3.000,2.000,2.000,
8.600,2.000,3.000,2.000,2.000,
8.610,2.000,3.000,2.000,2.000,
8.620,2.000,3.000,2.000,2.000,
8.630,2.000,3.000,2.000,2.000,
8.640,2.000,3.000,2.000,2.000,
8.650,2.000,3.000,2.000,2.000,
8.660,2.000,3.000,2.000,2.000,
8.670,2.000,3.000,2.000,2.000,
8.680,2.000,3.000,2.000,2.000,
8.690,2.000,3.000,2.000,2.000,
8.700,2.000,3.000,2.000,2.000,
8.710,2.000,3.000,2.000,2.000,
8.720,2.000,3.000,2.000,2.000,
8.730,2.000,3.000,2.000,2.000,
8.740,2.000,3.000,2.000,2.000,
8.750,2.000,3.000,2.000,2.000,
8.760,2.000,3.000,2.000,2.000,
8.770,2.000,3.000,2.000,2.000,
8.780,2.000,3.000,2.000,2.000,
8.790,2.000,3.000,2.000,2.000,
8.800,2.000,3.000,2.000,2.000,
8.810,2.000,3.000,2.000,2.000,
8.820,2.000,3.000,2.000,2.000,
8.830,2.000,3.000,2.000,2.000,
8.840,2.000,3.000,2.000,2.000,
8.850,2.000,3.000,2.000,2.000,
8.860,2.000,3.000,2.000,2.000,
8.870,2.000,3.000,2.000,2.000,
8.880,2.000,3.000,2.000,2.000,
8.890,2.000,3.000,2.000,2.000,
8.900,2.000,3.000,2.000,2.000,
8.910,2.000,3.000,2.000,2.000,
8.920,2.000,3.000,2.000,2.000,
8.930,2.000,3.000,2.000,2.000,
8.940,2.000,3.000,2.000,2.000,
8.950,2.000,3.000,2.000,2.000,
8.960,2.000,3.000,2.000,2.000,
8.970,2.000,3.000,2.000,2.000,
8.980,2.000,3.000,2.000,2.000,
8.990,2.000,3.000,2.000,2.000,
9.000,2.000,3.000,2.000,2.000,
9.010,2.000,3.000,2.000,2.000,
9.020,2.000,3.000,2.000,2.000,
9.030,2.000,3.000,2.000,2.000,
9.040,2.000,3.000,2.000,2.000,
9.050,2.000,3.000,2.000,2.000,
9.060,2.000,3.000,2.000,2.000,
9.070,2.000,3.000,2.000,2.000,
9.080,2.000,3.000,2.000,2.000,
9.090,2.000,3.000,2.000,2.000,
9.100,2.000,3.000,2.000,2.000,
9.110,2.000,3.000,2.000,2.000,
9.120,2.000,3.000,2.000,2.000,
9.130,2.000,3.000,2.000,2.000,
9.140,2.000,3.000,2.000,2.000,
9.150,2.000,3.000,2.000,2.000,
9.160,2.000,3.000,2.000,2.000,
9.170,2.000,3.000,2.000,2.000,
9.180,2.000,3.000,6.000,2.000,
9.190,2.000,3.000,6.000,4.000,
9.200,2.000,2.000,6.000,4.000,
9.210,2.000,2.000,6.000,4.000,
9.220,2.000,2.000,6.000,4.000,
9.230,2.000,2.000,4.000,4.000,
9.240,2.000,2.000,4.000,4.000,
9.250,2.000,2.000,4.000,4.000,
9.260,2.000,2.000,4.000,4.000,
9.270,2.000,2.000,4.000,4.000,
9.280,2.000,2.000,4.000,4.000,
9.290,2.000,2.000,4.000,4.000,
9.300,2.000,2.000,4.000,4.000,
9.310,2.000,2.000,4.000,4.000,
9.320,2.000,2.000,4.000,4.000,
9.330,2.000,2.000,4.000,4.000,
9.340,2.000,2.000,4.000,4.000,
9.350,2.000,2.000,4.000,4.000,
9.360,2.000,2.000,4.000,4.000,
9.370,2.000,2.000,4.000,4.000,
9.380,2.000,2.000,4.000,4.000,
9.390,2.000,2.000,4.000,4.000,
9.400,2.000,2.000,4.000,4.000,
9.410,2.000,2.000,4.000,4.000,
9.420,4.000,2.000,4.000,4.000,
9.430,4.000,2.000,4.000,4.000,
9.440,4.000,2.000,4.000,4.000,
9.450,4.000,2.000,4.000,4.000,
9.460,4.000,2.000,4.000,4.000,
9.470,4.000,2.000,4.000,4.000,
9.480,4.000,2.000,4.000,4.000,
9.490,4.000,2.000,4.000,4.000,
9.500,4.000,2.000,4.000,4.000,
9.510,4.000,2.000,4.000,4.000,
9.520,4.000,2.000,4.000,4.000,
9.530,4.000,2.000,4.000,4.000,
9.540,4.000,2.000,4.000,4.000,
9.550,4.000,2.000,4.000,4.000,
9.560,4.000,2.000,4.000,4.000,
9.570,4.000,2.000,4.000,4.000,
9.580,4.000,2.000,4.000,4.000,
9.590,4.000,2.000,4.000,4.000,
9.600,4.000,2.000,4.000,4.000,
9.610,4.000,2.000,4.000,4.000,
9.620,4.000,2.000,4.000,4.000,
9.630,4.000,2.000,4.000,4.000,
9.640,4.000,2.000,4.000,4.000,
9.650,4.000,2.000,4.000,4.000,
9.660,4.000,2.000,4.000,4.000,
9.670,4.000,2.000,4.000,4.000,
9.680,4.000,2.000,4.000,4.000,
9.690,4.000,2.000,4.000,4.000,
9.700,4.000,2.000,4.000,4.000,
9.710,4.000,2.000,4.000,4.000,
9.720,4.000,2.000,4.000,4.000,
9.730,4.000,2.000,4.000,4.000,
9.740,4.000,2.000,4.000,4.000,
9.750,4.000,2.000,4.000,4.000,
9.760,4.000,2.000,4.000,4.000,
9.770,4.000,2.000,4.000,4.000,
9.780,4.000,2.000,4.000,4.000,
9.790,4.000,2.000,4.000,4.000,
9.800,4.000,2.000,4.000,4.000,
9.810,4.000,2.000,4.000,4.000,
9.820,4.000,2.000,4.000,4.000,
9.830,4.000,2.000,4.000,4.000,
9.840,4.000,2.000,4.000,4.000,
9.850,4.000,2.000,4.000,4.000,
9.860,4.000,2.000,4.000,4.000,
9.870,4.000,2.000,4.000,4.000,
9.880,4.000,2.000,4.000,4.000,
9.890,4.000,2.000,4.000,4.000,
9.900,4.000,2.000,4.000,4.000,
9.910,4.000,2.000,4.000,4.000,
9.920,4.000,2.000,4.000,4.000,
9.930,4.000,2.000,4.000,4.000,
9.940,4.000,2.000,4.000,4.000,
9.950,4.000,2.000,4.000,4.000,
9.960,4.000,2.000,4.000,4.000,
9.970,4.000,2.000,4.000,4.000,
9.980,4.000,2.000,4.000,4.000,
9.990,4.000,2.000,4.000,4.000,
10.000,4.000,2.000,4.000,4.000,
10.010,4.000,2.000,4.000,4.000,
10.020,4.000,2.000,4.000,4.000,
10.030,4.000,2.000,4.000,4.000,
10.040,4.000,2.000,4.000,4.000,
10.050,4.000,2.000,4.000,4.000,
10.060,4.000,2.000,4.000,4.000,
10.070,4.000,2.000,4.000,4.000,
10.080,4.000,2.000,4.000,4.000,
10.090,4.000,2.000,4.000,4.000,
10.100,4.000,2.000,4.000,4.000,
10.110,4.000,2.000,4.000,4.000,
10.120,4.000,2.000,4.000,4.000,
10.130,4.000,2.000,4.000,4.000,
10.140,4.000,2.000,4.000,4.000,
10.150,4.000,2.000,4.000,4.000,
10.160,4.000,2.000,4.000,4.000,
10.170,4.000,2.000,4.000,4.000,
10.180,4.000,2.000,4.000,4.000,
10.190,4.000,4.000,4.000,4.000,
10.200,4.000,4.000,4.000,4.000,
10.210,4.000,4.000,4.000,4.000,
10.220,4.000,4.000,4.000,4.000,
10.230,4.000,4.000,4.000,4.000,
10.240,4.000,4.000,4.000,4.000,
10.250,4.000,4.000,4.000,4.000,
10.260,4.000,4.000,4.000,4.000,
10.270,4.000,4.000,4.000,4.000,
10.280,4.000,4.000,4.000,4.000,
10.290,4.000,4.000,4.000,4.000,
10.300,4.000,4.000,4.000,4.000,
10.310,4.000,4.000,4.000,4.000,
10.320,4.000,4.000,4.000,4.000,
10.330,4.000,4.000,4.000,4.000,
10.340,4.000,4.000,4.000,4.000,
10.350,4.000,4.000,4.000,4.000,
10.360,4.000,4.000,4.000,4.000,
10.370,4.000,4.000,4.000,4.000,
10.380,4.000,4.000,4.000,4.000,
10.390,4.000,4.000,4.000,4.000,
10.400,4.000,4.000,4.000,4.000,
10.410,4.000,4.000,4.000,4.000,
10.420,4.000,4.000,4.000,4.000,
10.430,4.000,4.000,4.000,4.000,
10.440,4.000,4.000,4.000,4.000,
10.450,4.000,4.000,4.000,4.000,
10.460,4.000,4.000,4.000,4.000,
10.470,4.000,4.000,4.000,4.000,
10.480,4.000,4.000,4.000,4.000,
10.490,4.000,4.000,4.000,4.000,
10.500,4.000,4.000,4.000,4.000,
10.510,4.000,4.000,4.000,4.000,
10.520,4.000,4.000,4.000,4.000,
10.530,4.000,4.000,4.000,4.000,
10.540,4.000,4.000,4.000,4.000,
10.550,4.000,4.000,4.000,4.000,
10.560,4.000,4.000,4.000,4.000,
10.570,4.000,4.000,4.000,4.000,
10.580,4.000,4.000,4.000,4.000,
10.590,4.000,4.000,4.000,4.000,
10.600,4.000,4.000,4.000,4.000,
10.610,4.000,4.000,4.000,4.000,
10.620,4.000,4.000,4.000,4.000,
10.630,4.000,4.000,4.000,4.000,
10.640,4.000,4.000,4.000,4.000,
10.650,4.000,4.000,4.000,4.000,
10.660,4.000,4.000,4.000,4.000,
10.670,4.000,4.000,4.000,4.000,
10.680,4.000,4.000,4.000,4.000,
10.690,4.000,4.000,4.000,4.000,
10.700,4.000,4.000,4.000,4.000,
10.710,4.000,4.000,4.000,4.000,
10.720,4.000,4.000,4.000,4.000,
10.730,4.000,4.000,4.000,4.000,
10.740,4.000,4.000,4.000,4.000,
10.750,4.000,4.000,4.000,4.000,
10.760,4.000,4.000,4.000,4.000,
10.770,4.000,4.000,4.000,4.000,
10.780,4.000,4.000,4.000,4.000,
10.790,4.000,4.000,4.000,5.000,
10.800,4.000,4.000,4.000,5.000,
10.810,4.000,4.000,4.000,5.000,
10.820,4.000,4.000,4.000,5.000,
10.830,5.000,4.000,4.000,5.000,
10.840,5.000,4.000,4.000,5.000,
10.850,5.000,4.000,4.000,5.000,
10.860,5.000,4.000,4.000,5.000,
10.870,5.000,4.000,4.000,5.000,
10.880,5.000,4.000,4.000,5.000,
10.890,5.000,4.000,5.000,5.000,
10.900,5.000,4.000,5.000,5.000,
10.910,5.000,4.000,5.000,5.000,
10.920,5.000,4.000,5.000,5.000,
10.930,5.000,4.000,5.000,5.000,
10.940,5.000,4.000,5.000,5.000,
10.950,5.000,4.000,5.000,5.000,
10.960,5.000,4.000,5.000,5.000,
10.970,5.000,4.000,5.000,5.000,
10.980,5.000,4.000,5.000,5.000,
10.990,5.000,4.000,5.000,5.000,
11.000,5.000,4.000,5.000,5.000,
11.010,5.000,4.000,5.000,5.000,
11.020,5.000,4.000,5.000,5.000,
11.030,5.000,4.000,5.000,5.000,
11.040,5.000,4.000,5.000,5.000,
11.050,5.000,4.000,5.000,5.000,
11.060,5.000,4.000,5.000,5.000,
11.070,5.000,4.000,5.000,5.000,
11.080,5.000,4.000,5.000,5.000,
11.090,5.000,4.000,5.000,5.000,
11.100,5.000,4.000,5.000,5.000,
11.110,5.000,4.000,5.000,5.000,
11.120,5.000,4.000,5.000,5.000,
11.130,5.000,4.000,5.000,5.000,
11.140,5.000,4.000,5.000,5.000,
11.150,5.000,4.000,5.000,5.000,
11.160,5.000,4.000,5.000,5.000,
11.170,5.000,4.000,5.000,5.000,
11.180,5.000,4.000,5.000,5.000,
11.190,5.000,4.000,5.000,5.000,
11.200,5.000,4.000,5.000,5.000,
11.210,5.000,4.000,5.000,5.000,
11.220,5.000,4.000,5.000,5.000,
11.230,5.000,4.000,5.000,5.000,
11.240,5.000,4.000,5.000,5.000,
11.250,5.000,4.000,5.000,5.000,
11.260,5.000,4.000,5.000,5.000,
11.270,5.000,4.000,5.000,5.000,
11.280,5.000,4.000,5.000,5.000,
11.290,5.000,4.000,5.000,5.000,
11.300,5.000,4.000,5.000,5.000,
11.310,5.000,4.000,5.000,5.000,
11.320,5.000,4.000,5.000,5.000,
11.330,5.000,4.000,5.000,5.000,
11.340,5.000,4.000,5.000,5.000,
11.350,5.000,4.000,5.000,5.000,
11.360,5.000,4.000,5.000,5.000,
11.370,5.000,4.000,5.000,5.000,
11.380,5.000,4.000,5.000,5.000,
11.390,5.000,4.000,5.000,5.000,
11.400,5.000,4.000,5.000,5.000,
11.410,5.000,4.000,5.000,5.000,
11.420,5.000,4.000,5.000,5.000,
11.430,5.000,4.000,5.000,5.000,
11.440,5.000,4.000,5.000,5.000,
11.450,5.000,4.000,5.000,5.000,
11.460,5.000,4.000,5.000,5.000,
11.470,5.000,4.000,5.000,5.000,
11.480,5.000,4.000,5.000,5.000,
11.490,5.000,4.000,5.000,5.000,
11.500,5.000,4.000,5.000,5.000,
11.510,5.000,4.000,5.000,5.000,
11.520,5.000,4.000,5.000,5.000,
11.530,5.000,4.000,5.000,5.000,
11.540,5.000,4.000,5.000,5.000,
11.550,5.000,4.000,5.000,5.000,
11.560,5.000,4.000,5.000,5.000,
11.570,5.000,4.000,5.000,5.000,
11.580,5.000,4.000,5.000,5.000,
11.590,5.000,4.000,5.000,5.000,
11.600,5.000,4.000,5.000,5.000,
11.610,5.000,4.000,5.000,5.000,
11.620,5.000,4.000,5.000,5.000,
11.630,5.000,4.000,5.000,5.000,
11.640,5.000,4.000,5.000,5.000,
11.650,5.000,4.000,5.000,5.000,
11.660,5.000,4.000,5.000,5.000,
11.670,5.000,4.000,5.000,5.000,
11.680,5.000,4.000,5.000,5.000,
11.690,5.000,4.000,5.000,5.000,
11.700,5.000,4.000,5.000,5.000,
11.710,5.000,4.000,5.000,5.000,
11.720,5.000,4.000,5.000,5.000,
11.730,5.000,4.000,5.000,5.000,
11.740,5.000,4.000,5.000,5.000,
11.750,5.000,4.000,5.000,5.000,
11.760,5.000,4.000,5.000,5.000,
11.770,5.000,4.000,5.000,5.000,
11.780,5.000,4.000,5.000,5.000,
11.790,5.000,4.000,5.000,5.000,
11.800,5.000,4.000,5.000,5.000,
11.810,5.000,4.000,5.000,5.000,
11.820,5.000,4.000,5.000,5.000,
11.830,5.000,4.000,5.000,5.000,
11.840,5.000,4.000,5.000,5.000,
11.850,5.000,4.000,5.000,5.000,
11.860,5.000,4.000,5.000,5.000,
11.870,5.000,5.000,5.000,5.000,
11.880,5.000,5.000,4.000,5.000,
11.890,5.000,5.000,4.000,5.000,
11.900,5.000,5.000,4.000,5.000,
11.910,5.000,5.000,4.000,5.000,
11.920,5.000,5.000,4.000,5.000,
11.930,5.000,5.000,4.000,5.000,
11.940,5.000,5.000,4.000,5.000,
11.950,5.000,5.000,4.000,5.000,
11.960,5.000,5.000,4.000,5.000,
11.970,5.000,5.000,4.000,5.000,
11.980,5.000,5.000,4.000,5.000,
11.990,5.000,5.000,4.000,5.000,
12.000,5.000,5.000,4.000,5.000,
12.010,5.000,5.000,7.000,5.000,
12.020,5.000,5.000,3.000,5.000,
12.030,5.000,5.000,3.000,5.000,
12.040,5.000,5.000,3.000,5.000,
12.050,5.000,5.000,3.000,5.000,
12.060,4.000,5.000,3.000,5.000,
12.070,7.000,5.000,3.000,4.000,
12.080,7.000,5.000,3.000,4.000,
12.090,7.000,5.000,3.000,4.000,
12.100,7.000,5.000,3.000,4.000,
12.110,7.000,5.000,3.000,4.000,
12.120,7.000,5.000,3.000,3.000,
12.130,7.000,5.000,3.000,3.000,
12.140,3.000,5.000,3.000,3.000,
12.150,3.000,5.000,3.000,3.000,
12.160,3.000,5.000,3.000,3.000,
12.170,3.000,5.000,3.000,3.000,
12.180,3.000,5.000,3.000,3.000,
12.190,3.000,5.000,3.000,3.000,
12.200,3.000,5.000,3.000,3.000,
12.210,3.000,5.000,3.000,3.000,
12.220,3.000,5.000,3.000,3.000,
12.230,3.000,5.000,3.000,3.000,
12.240,3.000,5.000,3.000,3.000,
12.250,3.000,5.000,3.000,3.000,
12.260,3.000,5.000,3.000,3.000,
12.270,3.000,5.000,3.000,3.000,
12.280,3.000,5.000,3.000,3.000,
12.290,3.000,5.000,3.000,3.000,
12.300,3.000,5.000,3.000,3.000,
12.310,3.000,5.000,3.000,3.000,
12.320,3.000,5.000,3.000,3.000,
12.330,3.000,5.000,3.000,3.000,
12.340,3.000,5.000,3.000,3.000,
12.350,3.000,5.000,3.000,3.000,
12.360,3.000,5.000,3.000,3.000,
12.370,3.000,5.000,3.000,3.000,
12.380,3.000,5.000,3.000,3.000,
12.390,3.000,5.000,3.000,3.000,
12.400,3.000,5.000,3.000,3.000,
12.410,3.000,5.000,3.000,3.000,
12.420,3.000,5.000,3.000,3.000,
12.430,3.000,5.000,3.000,3.000,
12.440,3.000,5.000,3.000,3.000,
12.450,3.000,5.000,3.000,3.000,
12.460,3.000,5.000,3.000,3.000,
12.470,3.000,5.000,3.000,3.000,
12.480,3.000,5.000,3.000,3.000,
12.490,3.000,5.000,3.000,3.000,
12.500,3.000,5.000,3.000,3.000,
12.510,3.000,5.000,3.000,3.000,
12.520,3.000,5.000,3.000,3.000,
12.530,3.000,5.000,3.000,3.000,
12.540,3.000,5.000,3.000,3.000,
12.550,3.000,5.000,3.000,3.000,
12.560,3.000,5.000,3.000,3.000,
12.570,3.000,5.000,3.000,3.000,
12.580,3.000,5.000,3.000,3.000,
12.590,3.000,5.000,3.000,3.000,
12.600,3.000,5.000,3.000,3.000,
12.610,3.000,5.000,3.000,3.000,
12.620,3.000,5.000,3.000,3.000,
12.630,3.000,5.000,3.000,3.000,
12.640,3.000,5.000,3.000,3.000,
12.650,3.000,5.000,3.000,3.000,
12.660,3.000,5.000,3.000,3.000,
12.670,3.000,5.000,3.000,3.000,
12.680,3.000,5.000,3.000,3.000,
12.690,3.000,5.000,3.000,3.000,
12.700,3.000,5.000,3.000,3.000,
12.710,3.000,5.000,3.000,3.000,
12.720,3.000,5.000,3.000,3.000,
12.730,3.000,5.000,3.000,3.000,
12.740,3.000,5.000,3.000,3.000,
12.750,3.000,5.000,3.000,3.000,
12.760,3.000,5.000,3.000,3.000,
12.770,3.000,5.000,3.000,3.000,
12.780,3.000,5.000,3.000,3.000,
12.790,3.000,5.000,3.000,3.000,
12.800,3.000,5.000,3.000,3.000,
12.810,3.000,5.000,3.000,3.000,
12.820,3.000,5.000,3.000,3.000,
12.830,3.000,5.000,3.000,3.000,
12.840,3.000,5.000,3.000,3.000,
12.850,3.000,5.000,3.000,3.000,
12.860,3.000,5.000,3.000,3.000,
12.870,3.000,5.000,3.000,3.000,
12.880,3.000,5.000,3.000,3.000,
12.890,3.000,5.000,3.000,3.000,
12.900,3.000,5.000,3.000,3.000,
12.910,3.000,5.000,3.000,3.000,
12.920,3.000,5.000,3.000,3.000,
12.930,3.000,5.000,3.000,3.000,
12.940,3.000,5.000,3.000,3.000,
12.950,3.000,5.000,3.000,3.000,
12.960,3.000,5.000,3.000,3.000,
12.970,3.000,5.000,3.000,3.000,
12.980,3.000,5.000,3.000,3.000,
12.990,3.000,5.000,3.000,3.000,
13.000,3.000,5.000,3.000,3.000,
13.010,3.000,5.000,3.000,3.000,
13.020,3.000,5.000,3.000,3.000,
13.030,3.000,5.000,3.000,3.000,
13.040,3.000,5.000,3.000,3.000,
13.050,3.000,7.000,3.000,3.000,
13.060,3.000,7.000,3.000,3.000,
13.070,3.000,7.000,3.000,3.000,
13.080,3.000,7.000,3.000,3.000,
13.090,3.000,7.000,3.000,3.000,
13.100,3.000,7.000,3.000,3.000,
13.110,3.000,7.000,3.000,3.000,
13.120,3.000,7.000,3.000,3.000,
13.130,3.000,7.000,3.000,3.000,
13.140,3.000,7.000,3.000,3.000,
13.150,3.000,7.000,3.000,3.000,
13.160,3.000,7.000,3.000,3.000,
13.170,3.000,7.000,3.000,3.000,
13.180,3.000,7.000,3.000,3.000,
13.190,3.000,3.000,3.000,3.000,
13.200,3.000,3.000,3.000,3.000,
13.210,3.000,3.000,3.000,3.000,
13.220,3.000,3.000,3.000,3.000,
13.230,3.000,3.000,3.000,3.000,
13.240,3.000,3.000,3.000,3.000,
13.250,3.000,3.000,3.000,3.000,
13.260,3.000,3.000,3.000,3.000,
13.270,3.000,3.000,3.000,3.000,
13.280,3.000,3.000,3.000,3.000,
13.290,3.000,3.000,3.000,3.000,
13.300,3.000,3.000,3.000,3.000,
13.310,3.000,3.000,3.000,3.000,
13.320,3.000,3.000,2.000,3.000,
13.330,3.000,3.000,2.000,3.000,
13.340,3.000,3.000,2.000,3.000,
13.350,3.000,3.000,2.000,3.000,
13.360,3.000,3.000,2.000,3.000,
13.370,3.000,3.000,2.000,3.000,
13.380,3.000,3.000,2.000,3.000,
13.390,3.000,3.000,2.000,3.000,
13.400,3.000,3.000,2.000,3.000,
13.410,3.000,3.000,2.000,3.000,
13.420,3.000,3.000,2.000,3.000,
13.430,3.000,3.000,2.000,2.000,
13.440,3.000,3.000,2.000,2.000,
13.450,3.000,3.000,2.000,2.000,
13.460,3.000,3.000,2.000,2.000,
13.470,3.000,3.000,2.000,2.000,
13.480,3.000,3.000,2.000,2.000,
13.490,2.000,3.000,2.000,2.000,
13.500,2.000,3.000,2.000,2.000,
13.510,2.000,3.000,2.000,2.000,
13.520,2.000,3.000,2.000,2.000,
13.530,2.000,3.000,2.000,2.000,
13.540,2.000,3.000,2.000,2.000,
13.550,2.000,3.000,2.000,2.000,
13.560,2.000,3.000,2.000,2.000,
13.570,2.000,3.000,2.000,2.000,
13.580,2.000,3.000,2.000,2.000,
13.590,2.000,3.000,2.000,2.000,
13.600,2.000,3.000,2.000,2.000,
13.610,2.000,3.000,2.000,2.000,
13.620,2.000,3.000,2.000,2.000,
13.630,2.000,3.000,2.000,2.000,
13.640,2.000,3.000,2.000,2.000,
13.650,2.000,3.000,2.000,2.000,
13.660,2.000,3.000,2.000,2.000,
13.670,2.000,3.000,2.000,2.000,
13.680,2.000,3.000,2.000,2.000,
13.690,2.000,3.000,2.000,2.000,
13.700,2.000,3.000,2.000,2.000,
13.710,2.000,3.000,2.000,2.000,
13.720,2.000,3.000,2.000,2.000,
13.730,2.000,3.000,2.000,2.000,
13.740,2.000,3.000,2.000,2.000,
13.750,2.000,3.000,2.000,2.000,
13.760,2.000,3.000,2.000,2.000,
13.770,2.000,3.000,2.000,2.000,
13.780,2.000,3.000,2.000,2.000,
13.790,2.000,3.000,2.000,2.000,
13.800,2.000,3.000,2.000,2.000,
13.810,2.000,3.000,2.000,2.000,
13.820,2.000,3.000,2.000,2.000,
13.830,2.000,3.000,2.000,2.000,
13.840,2.000,3.000,2.000,2.000,
13.850,2.000,3.000,2.000,2.000,
13.860,2.000,3.000,2.000,2.000,
13.870,2.000,3.000,2.000,2.000,
13.880,2.000,3.000,2.000,2.000,
13.890,2.000,3.000,2.000,2.000,
13.900,2.000,3.000,2.000,2.000,
13.910,2.000,3.000,2.000,2.000,
13.920,2.000,3.000,2.000,2.000,
13.930,2.000,3.000,2.000,2.000,
13.940,2.000,3.000,2.000,2.000,
13.950,2.000,3.000,2.000,2.000,
13.960,2.000,3.000,2.000,2.000,
13.970,2.000,3.000,2.000,2.000,
13.980,2.000,3.000,2.000,2.000,
13.990,2.000,3.000,2.000,2.000,
14.000,2.000,3.000,2.000,2.000,
14.010,2.000,3.000,2.000,2.000,
14.020,2.000,3.000,2.000,2.000,
14.030,2.000,3.000,2.000,2.000,
14.040,2.000,3.000,2.000,2.000,
14.050,2.000,3.000,2.000,2.000,
14.060,2.000,3.000,2.000,2.000,
14.070,2.000,3.000,2.000,2.000,
14.080,2.000,3.000,2.000,2.000,
14.090,2.000,3.000,2.000,2.000,
14.100,2.000,3.000,2.000,2.000,
14.110,2.000,3.000,2.000,2.000,
14.120,2.000,3.000,2.000,2.000,
14.130,2.000,3.000,2.000,2.000,
14.140,2.000,3.000,2.000,2.000,
14.150,2.000,3.000,2.000,2.000,
14.160,2.000,3.000,2.000,2.000,
14.170,2.000,3.000,2.000,2.000,
14.180,2.000,3.000,2.000,2.000,
14.190,2.000,3.000,2.000,2.000,
14.200,2.000,3.000,2.000,2.000,
14.210,2.000,3.000,2.000,2.000,
14.220,2.000,3.000,2.000,2.000,
14.230,2.000,3.000,2.000,2.000,
14.240,2.000,3.000,2.000,2.000,
14.250,2.000,3.000,2.000,2.000,
14.260,2.000,3.000,2.000,2.000,
14.270,2.000,3.000,2.000,2.000,
14.280,2.000,3.000,2.000,2.000,
14.290,2.000,3.000,2.000,2.000,
14.300,2.000,3.000,2.000,2.000,
14.310,2.000,3.000,2.000,2.000,
14.320,2.000,3.000,2.000,2.000,
14.330,2.000,3.000,2.000,2.000,
14.340,2.000,3.000,2.000,2.000,
14.350,2.000,3.000,2.000,2.000,
14.360,2.000,3.000,2.000,2.000,
14.370,2.000,3.000,2.000,2.000,
14.380,2.000,2.000,2.000,2.000,
14.390,2.000,2.000,2.000,2.000,
14.400,2.000,2.000,2.000,2.000,
14.410,2.000,2.000,2.000,2.000,
14.420,2.000,2.000,2.000,2.000,
14.430,2.000,2.000,2.000,2.000,
14.440,2.000,2.000,2.000,2.000,
14.450,2.000,2.000,2.000,2.000,
14.460,2.000,2.000,2.000,2.000,
14.470,2.000,2.000,2.000,2.000,
14.480,2.000,2.000,2.000,2.000,
14.490,2.000,2.000,2.000,2.000,
14.500,2.000,2.000,2.000,2.000,
14.510,2.000,2.000,2.000,2.000,
14.520,2.000,2.000,2.000,2.000,
14.530,2.000,2.000,2.000,2.000,
14.540,2.000,2.000,2.000,2.000,
14.550,2.000,2.000,2.000,2.000,
14.560,2.000,2.000,2.000,2.000,
14.570,2.000,2.000,2.000,2.000,
14.580,2.000,2.000,2.000,2.000,
14.590,2.000,2.000,2.000,2.000,
14.600,2.000,2.000,2.000,2.000,
14.610,2.000,2.000,2.000,2.000,
14.620,2.000,2.000,2.000,2.000,
14.630,2.000,2.000,2.000,2.000,
14.640,2.000,2.000,2.000,2.000,
14.650,2.000,2.000,2.000,2.000,
14.660,2.000,2.000,2.000,2.000,
14.670,2.000,2.000,2.000,2.000,
14.680,2.000,2.000,2.000,2.000,
14.690,2.000,2.000,2.000,2.000,
14.700,2.000,2.000,2.000,2.000,
14.710,2.000,2.000,2.000,2.000,
14.720,2.000,2.000,2.000,2.000,
14.730,2.000,2.000,2.000,2.000,
14.740,2.000,2.000,2.000,2.000,
14.750,2.000,2.000,6.000,2.000,
14.760,2.000,2.000,6.000,2.000,
14.770,2.000,2.000,6.000,2.000,
14.780,2.000,2.000,6.000,2.000,
14.790,2.000,2.000,6.000,2.000,
14.800,2.000,2.000,6.000,2.000,
14.810,2.000,2.000,6.000,2.000,
14.820,2.000,2.000,6.000,2.000,
14.830,2.000,2.000,6.000,2.000,
14.840,2.000,2.000,6.000,2.000,
14.850,2.000,2.000,6.000,2.000,
14.860,2.000,2.000,6.000,2.000,
14.870,2.000,2.000,6.000,4.000,
14.880,2.000,2.000,6.000,4.000,
14.890,2.000,2.000,4.000,4.000,
14.900,2.000,2.000,4.000,4.000,
14.910,4.000,2.000,4.000,4.000,
14.920,4.000,2.000,4.000,4.000,
14.930,4.000,2.000,4.000,4.000,
14.940,4.000,2.000,4.000,4.000,
14.950,4.000,2.000,4.000,4.000,
14.960,4.000,2.000,4.000,4.000,
14.970,4.000,2.000,4.000,4.000,
14.980,4.000,2.000,4.000,4.000,
14.990,4.000,2.000,4.000,4.000,
15.000,4.000,2.000,4.000,4.000,
15.010,4.000,2.000,4.000,4.000,
15.020,4.000,2.000,4.000,4.000,
15.030,4.000,2.000,4.000,4.000,
15.040,4.000,2.000,4.000,4.000,
15.050,4.000,2.000,4.000,4.000,
15.060,4.000,2.000,4.000,4.000,
15.070,4.000,2.000,4.000,4.000,
15.080,4.000,2.000,4.000,4.000,
15.090,4.000,2.000,4.000,4.000,
15.100,4.000,2.000,4.000,4.000,
15.110,4.000,2.000,4.000,4.000,
15.120,4.000,2.000,4.000,4.000,
15.130,4.000,2.000,4.000,4.000,
15.140,4.000,2.000,4.000,4.000,
15.150,4.000,2.000,4.000,4.000,
15.160,4.000,2.000,4.000,4.000,
15.170,4.000,2.000,4.000,4.000,
15.180,4.000,2.000,4.000,4.000,
15.190,4.000,2.000,4.000,4.000,
15.200,4.000,2.000,4.000,4.000,
15.210,4.000,2.000,4.000,4.000,
15.220,4.000,2.000,4.000,4.000,
15.230,4.000,2.000,4.000,4.000,
15.240,4.000,2.000,4.000,4.000,
15.250,4.000,2.000,4.000,4.000,
15.260,4.000,2.000,4.000,4.000,
15.270,4.000,2.000,4.000,4.000,
15.280,4.000,2.000,4.000,4.000,
15.290,4.000,2.000,4.000,4.000,
15.300,4.000,2.000,4.000,4.000,
15.310,4.000,2.000,4.000,4.000,
15.320,4.000,2.000,4.000,4.000,
15.330,4.000,2.000,4.000,4.000,
15.340,4.000,2.000,4.000,4.000,
15.350,4.000,2.000,4.000,4.000,
15.360,4.000,2.000,4.000,4.000,
15.370,4.000,2.000,4.000,4.000,
15.380,4.000,2.000,4.000,4.000,
15.390,4.000,2.000,4.000,4.000,
15.400,4.000,2.000,4.000,4.000,
15.410,4.000,2.000,4.000,4.000,
15.420,4.000,2.000,4.000,4.000,
15.430,4.000,2.000,4.000,4.000,
15.440,4.000,2.000,4.000,4.000,
15.450,4.000,2.000,4.000,4.000,
15.460,4.000,2.000,4.000,4.000,
15.470,4.000,2.000,4.000,4.000,
15.480,4.000,2.000,4.000,4.000,
15.490,4.000,2.000,4.000,4.000,
15.500,4.000,2.000,4.000,4.000,
15.510,4.000,2.000,4.000,4.000,
15.520,4.000,2.000,4.000,4.000,
15.530,4.000,2.000,4.000,4.000,
15.540,4.000,2.000,4.000,4.000,
15.550,4.000,2.000,4.000,4.000,
15.560,4.000,2.000,4.000,4.000,
15.570,4.000,2.000,4.000,4.000,
15.580,4.000,2.000,4.000,4.000,
15.590,4.000,2.000,4.000,4.000,
15.600,4.000,2.000,4.000,4.000,
15.610,4.000,2.000,4.000,4.000,
15.620,4.000,2.000,4.000,4.000,
15.630,4.000,2.000,4.000,4.000,
15.640,4.000,2.000,4.000,4.000,
15.650,4.000,2.000,4.000,4.000,
15.660,4.000,2.000,4.000,4.000,
15.670,4.000,2.000,4.000,4.000,
15.680,4.000,2.000,4.000,4.000,
15.690,4.000,2.000,4.000,4.000,
15.700,4.000,2.000,4.000,4.000,
15.710,4.000,2.000,4.000,4.000,
15.720,4.000,2.000,4.000,4.000,
15.730,4.000,2.000,4.000,4.000,
15.740,4.000,2.000,4.000,4.000,
15.750,4.000,2.000,4.000,4.000,
15.760,4.000,2.000,4.000,4.000,
15.770,4.000,2.000,4.000,4.000,
15.780,4.000,2.000,4.000,4.000,
15.790,4.000,2.000,4.000,4.000,
15.800,4.000,2.000,4.000,4.000,
15.810,4.000,2.000,4.000,4.000,
15.820,4.000,2.000,4.000,4.000,
15.830,4.000,2.000,4.000,4.000,
15.840,4.000,2.000,4.000,4.000,
15.850,4.000,2.000,4.000,4.000,
15.860,4.000,2.000,4.000,4.000,
15.870,4.000,2.000,4.000,4.000,
15.880,4.000,2.000,4.000,4.000,
15.890,4.000,2.000,4.000,4.000,
15.900,4.000,2.000,4.000,4.000,
15.910,4.000,2.000,4.000,4.000,
15.920,4.000,2.000,4.000,4.000,
15.930,4.000,2.000,4.000,4.000,
15.940,4.000,2.000,4.000,4.000,
15.950,4.000,2.000,4.000,4.000,
15.960,4.000,2.000,4.000,4.000,
15.970,4.000,2.000,4.000,4.000,
15.980,4.000,2.000,4.000,4.000,
15.990,4.000,2.000,4.000,4.000,
16.000,4.000,4.000,4.000,4.000,
16.010,4.000,4.000,4.000,4.000,
16.020,4.000,4.000,4.000,4.000,
16.030,4.000,4.000,4.000,4.000,
16.040,4.000,4.000,4.000,4.000,
16.050,4.000,4.000,4.000,4.000,
16.060,4.000,4.000,4.000,4.000,
16.070,4.000,4.000,4.000,4.000,
16.080,4.000,4.000,4.000,4.000,
16.090,4.000,4.000,4.000,4.000,
16.100,4.000,4.000,4.000,4.000,
16.110,4.000,4.000,4.000,4.000,
16.120,4.000,4.000,4.000,4.000,
16.130,4.000,4.000,4.000,4.000,
16.140,4.000,4.000,4.000,4.000,
16.150,4.000,4.000,4.000,4.000,
16.160,4.000,4.000,4.000,4.000,
16.170,4.000,4.000,4.000,4.000,
16.180,4.000,4.000,4.000,4.000,
16.190,4.000,4.000,4.000,4.000,
16.200,4.000,4.000,4.000,4.000,
16.210,4.000,4.000,4.000,4.000,
16.220,4.000,4.000,4.000,4.000,
16.230,4.000,4.000,4.000,4.000,
16.240,4.000,4.000,4.000,4.000,
16.250,4.000,4.000,4.000,4.000,
16.260,4.000,4.000,4.000,4.000,
16.270,4.000,4.000,4.000,4.000,
16.280,4.000,4.000,4.000,4.000,
16.290,4.000,4.000,4.000,4.000,
16.300,4.000,4.000,4.000,4.000,
16.310,4.000,4.000,4.000,4.000,
16.320,4.000,4.000,4.000,4.000,
16.330,4.000,4.000,4.000,4.000,
16.340,4.000,4.000,4.000,4.000,
16.350,4.000,4.000,4.000,4.000,
16.360,4.000,4.000,4.000,4.000,
16.370,4.000,4.000,4.000,4.000,
16.380,4.000,4.000,4.000,4.000,
16.390,4.000,4.000,4.000,4.000,
16.400,4.000,4.000,4.000,4.000,
16.410,4.000,4.000,4.000,4.000,
16.420,4.000,4.000,4.000,4.000,
16.430,4.000,4.000,4.000,4.000,
16.440,4.000,4.000,4.000,4.000,
16.450,4.000,4.000,4.000,4.000,
16.460,4.000,4.000,4.000,4.000,
16.470,4.000,4.000,4.000,4.000,
16.480,4.000,4.000,4.000,4.000,
16.490,4.000,4.000,4.000,4.000,
16.500,4.000,4.000,4.000,4.000,
16.510,4.000,4.000,4.000,4.000,
16.520,4.000,4.000,4.000,4.000,
16.530,4.000,4.000,4.000,4.000,
16.540,4.000,4.000,4.000,4.000,
16.550,4.000,4.000,4.000,4.000,
16.560,4.000,4.000,4.000,4.000,
16.570,4.000,4.000,4.000,4.000,
16.580,4.000,4.000,4.000,4.000,
16.590,4.000,4.000,4.000,4.000,
16.600,4.000,4.000,4.000,4.000,
16.610,4.000,4.000,4.000,4.000,
16.620,4.000,4.000,4.000,4.000,
16.630,4.000,4.000,4.000,4.000,
16.640,4.000,4.000,4.000,4.000,
16.650,4.000,4.000,4.000,4.000,
16.660,4.000,4.000,4.000,4.000,
16.670,4.000,4.000,4.000,4.000,
16.680,4.000,4.000,4.000,4.000,
16.690,4.000,4.000,5.000,4.000,
16.700,4.000,4.000,5.000,4.000,
16.710,4.000,4.000,5.000,4.000,
16.720,4.000,4.000,5.000,4.000,
16.730,4.000,4.000,5.000,4.000,
16.740,4.000,4.000,5.000,4.000,
16.750,4.000,4.000,5.000,4.000,
16.760,4.000,4.000,5.000,4.000,
16.770,4.000,4.000,5.000,4.000,
16.780,4.000,4.000,5.000,4.000,
16.790,4.000,4.000,5.000,4.000,
16.800,4.000,4.000,5.000,4.000,
16.810,4.000,4.000,5.000,4.000,
16.820,4.000,4.000,5.000,5.000,
16.830,5.000,4.000,5.000,5.000,
16.840,5.000,4.000,5.000,5.000,
16.850,5.000,4.000,5.000,5.000,
16.860,5.000,4.000,5.000,5.000,
16.870,5.000,4.000,5.000,5.000,
16.880,5.000,4.000,5.000,5.000,
16.890,5.000,4.000,5.000,5.000,
16.900,5.000,4.000,5.000,5.000,
16.910,5.000,4.000,5.000,5.000,
16.920,5.000,4.000,5.000,5.000,
16.930,5.000,4.000,5.000,5.000,
16.940,5.000,4.000,5.000,5.000,
16.950,5.000,4.000,5.000,5.000,
16.960,5.000,4.000,5.000,5.000,
16.970,5.000,4.000,5.000,5.000,
16.980,5.000,4.000,5.000,5.000,
16.990,5.000,4.000,5.000,5.000,
17.000,5.000,4.000,5.000,5.000,
17.010,5.000,4.000,5.000,5.000,
17.020,5.000,4.000,5.000,5.000,
17.030,5.000,4.000,5.000,5.000,
17.040,5.000,4.000,5.000,5.000,
17.050,5.000,4.000,5.000,5.000,
17.060,5.000,4.000,5.000,5.000,
17.070,5.000,4.000,5.000,5.000,
17.080,5.000,4.000,5.000,5.000,
17.090,5.000,4.000,5.000,5.000,
17.100,5.000,4.000,5.000,5.000,
17.110,5.000,4.000,5.000,5.000,
17.120,5.000,4.000,5.000,5.000,
17.130,5.000,4.000,5.000,5.000,
17.140,5.000,4.000,5.000,5.000,
17.150,5.000,4.000,5.000,5.000,
17.160,5.000,4.000,5.000,5.000,
17.170,5.000,4.000,5.000,5.000,
17.180,5.000,4.000,5.000,5.000,
17.190,5.000,4.000,5.000,5.000,
17.200,5.000,4.000,5.000,5.000,
17.210,5.000,4.000,5.000,5.000,
17.220,5.000,4.000,5.000,5.000,
17.230,5.000,4.000,5.000,5.000,
17.240,5.000,4.000,5.000,5.000,
17.250,5.000,4.000,5.000,5.000,
17.260,5.000,4.000,5.000,5.000,
17.270,5.000,4.000,5.000,5.000,
17.280,5.000,4.000,5.000,5.000,
17.290,5.000,4.000,5.000,5.000,
17.300,5.000,4.000,5.000,5.000,
17.310,5.000,4.000,5.000,5.000,
17.320,5.000,4.000,5.000,5.000,
17.330,5.000,4.000,5.000,5.000,
17.340,5.000,4.000,5.000,5.000,
17.350,5.000,4.000,5.000,5.000,
17.360,5.000,4.000,5.000,5.000,
17.370,5.000,4.000,5.000,5.000,
17.380,5.000,4.000,5.000,5.000,
17.390,5.000,4.000,5.000,5.000,
17.400,5.000,4.000,5.000,5.000,
17.410,5.000,4.000,5.000,5.000,
17.420,5.000,4.000,5.000,5.000,
17.430,5.000,4.000,5.000,5.000,
17.440,5.000,4.000,5.000,5.000,
17.450,5.000,4.000,5.000,5.000,
17.460,5.000,4.000,5.000,5.000,
17.470,5.000,4.000,5.000,5.000,
17.480,5.000,4.000,5.000,5.000,
17.490,5.000,4.000,5.000,5.000,
17.500,5.000,4.000,5.000,5.000,
17.510,5.000,4.000,5.000,5.000,
17.520,5.000,4.000,5.000,5.000,
17.530,5.000,4.000,5.000,5.000,
17.540,5.000,4.000,5.000,5.000,
17.550,5.000,4.000,5.000,5.000,
17.560,5.000,4.000,5.000,5.000,
17.570,5.000,4.000,5.000,5.000,
17.580,5.000,4.000,5.000,5.000,
17.590,5.000,4.000,5.000,5.000,
17.600,5.000,4.000,5.000,5.000,
17.610,5.000,4.000,5.000,5.000,
17.620,5.000,4.000,5.000,5.000,
17.630,5.000,4.000,5.000,5.000,
17.640,5.000,4.000,5.000,5.000,
17.650,5.000,4.000,5.000,5.000,
17.660,5.000,4.000,5.000,5.000,
17.670,5.000,4.000,5.000,5.000,
17.680,5.000,4.000,5.000,5.000,
17.690,5.000,4.000,5.000,5.000,
17.700,5.000,4.000,5.000,5.000,
17.710,5.000,4.000,5.000,5.000,
17.720,5.000,4.000,5.000,5.000,
17.730,5.000,4.000,5.000,5.000,
17.740,5.000,4.000,5.000,5.000,
17.750,5.000,4.000,5.000,5.000,
17.760,5.000,4.000,5.000,5.000,
17.770,5.000,4.000,5.000,5.000,
17.780,5.000,4.000,5.000,5.000,
17.790,5.000,4.000,5.000,5.000,
17.800,5.000,4.000,5.000,5.000,
17.810,5.000,4.000,5.000,5.000,
17.820,5.000,4.000,5.000,5.000,
17.830,5.000,4.000,5.000,5.000,
17.840,5.000,4.000,5.000,5.000,
17.850,5.000,5.000,5.000,5.000,
17.860,5.000,5.000,5.000,5.000,
17.870,5.000,5.000,5.000,5.000,
17.880,5.000,5.000,5.000,5.000,
17.890,5.000,5.000,5.000,5.000,
17.900,5.000,5.000,5.000,5.000,
17.910,5.000,5.000,5.000,5.000,
17.920,5.000,5.000,5.000,5.000,
17.930,5.000,5.000,5.000,5.000,
17.940,5.000,5.000,5.000,5.000,
17.950,5.000,5.000,5.000,5.000,
17.960,5.000,5.000,5.000,5.000,
17.970,5.000,5.000,5.000,5.000,
17.980,5.000,5.000,5.000,5.000,
17.990,5.000,5.000,5.000,5.000,
18.000,5.000,5.000,5.000,5.000,
18.010,5.000,5.000,5.000,5.000,
18.020,5.000,5.000,5.000,5.000,
18.030,5.000,5.000,5.000,5.000,
18.040,5.000,5.000,5.000,5.000,
18.050,5.000,5.000,5.000,5.000,
18.060,5.000,5.000,5.000,5.000,
18.070,5.000,5.000,5.000,5.000,
18.080,5.000,5.000,5.000,5.000,
18.090,5.000,5.000,5.000,5.000,
18.100,5.000,5.000,5.000,5.000,
18.110,5.000,5.000,5.000,5.000,
18.120,5.000,5.000,5.000,5.000,
18.130,5.000,5.000,5.000,5.000,
18.140,5.000,5.000,5.000,5.000,
18.150,5.000,5.000,5.000,5.000,
18.160,5.000,5.000,5.000,5.000,
18.170,5.000,5.000,5.000,5.000,
18.180,5.000,5.000,5.000,5.000,
18.190,5.000,5.000,5.000,5.000,
18.200,5.000,5.000,5.000,5.000,
18.210,5.000,5.000,5.000,5.000,
18.220,5.000,5.000,5.000,5.000,
18.230,5.000,5.000,5.000,5.000,
18.240,5.000,5.000,5.000,5.000,
18.250,5.000,5.000,5.000,5.000,
18.260,5.000,5.000,5.000,5.000,
18.270,5.000,5.000,5.000,5.000,
18.280,5.000,5.000,5.000,5.000,
18.290,5.000,5.000,5.000,5.000,
18.300,5.000,5.000,5.000,5.000,
18.310,5.000,5.000,5.000,5.000,
18.320,5.000,5.000,5.000,5.000,
18.330,5.000,5.000,5.000,5.000,
18.340,5.000,5.000,5.000,5.000,
18.350,5.000,5.000,5.000,5.000,
18.360,5.000,5.000,5.000,5.000,
18.370,5.000,5.000,5.000,5.000,
18.380,5.000,5.000,5.000,5.000,
18.390,5.000,5.000,5.000,5.000,
18.400,5.000,5.000,5.000,5.000,
18.410,5.000,5.000,5.000,5.000,
18.420,5.000,5.000,5.000,5.000,
18.430,5.000,5.000,5.000,5.000,
18.440,5.000,5.000,5.000,5.000,
18.450,5.000,5.000,5.000,5.000,
18.460,5.000,5.000,5.000,4.000,
18.470,5.000,5.000,5.000,4.000,
18.480,5.000,5.000,5.000,4.000,
18.490,5.000,5.000,5.000,4.000,
18.500,5.000,5.000,5.000,4.000,
18.510,5.000,5.000,5.000,4.000,
18.520,5.000,5.000,5.000,7.000,
18.530,5.000,5.000,5.000,7.000,
18.540,5.000,5.000,5.000,7.000,
18.550,5.000,5.000,5.000,7.000,
18.560,5.000,5.000,5.000,7.000,
18.570,5.000,5.000,7.000,7.000,
18.580,5.000,5.000,3.000,7.000,
18.590,5.000,5.000,3.000,7.000,
18.600,5.000,5.000,3.000,7.000,
18.610,5.000,5.000,3.000,7.000,
18.620,5.000,5.000,3.000,7.000,
18.630,5.000,5.000,3.000,7.000,
18.640,5.000,5.000,3.000,3.000,
18.650,5.000,5.000,3.000,3.000,
18.660,5.000,5.000,3.000,3.000,
18.670,7.000,5.000,3.000,3.000,
18.680,7.000,5.000,3.000,3.000,
18.690,7.000,5.000,3.000,3.000,
18.700,7.000,5.000,3.000,3.000,
18.710,7.000,5.000,3.000,3.000,
18.720,7.000,5.000,3.000,3.000,
18.730,7.000,5.000,3.000,3.000,
18.740,7.000,5.000,3.000,3.000,
18.750,7.000,5.000,3.000,3.000,
18.760,7.000,5.000,3.000,3.000,
18.770,7.000,5.000,3.000,3.000,
18.780,1.000,5.000,3.000,3.000,
18.790,1.000,5.000,3.000,3.000,
18.800,1.000,5.000,3.000,3.000,
18.810,1.000,5.000,3.000,3.000,
18.820,3.000,5.000,3.000,3.000,
18.830,3.000,5.000,3.000,3.000,
18.840,3.000,5.000,3.000,3.000,
18.850,3.000,5.000,3.000,3.000,
18.860,3.000,5.000,3.000,3.000,
18.870,3.000,5.000,3.000,3.000,
18.880,3.000,5.000,3.000,3.000,
18.890,3.000,5.000,3.000,3.000,
18.900,3.000,5.000,3.000,3.000,
18.910,3.000,5.000,3.000,3.000,
18.920,3.000,5.000,3.000,3.000,
18.930,3.000,5.000,3.000,3.000,
18.940,3.000,5.000,3.000,3.000,
18.950,3.000,5.000,3.000,3.000,
18.960,3.000,5.000,3.000,3.000,
18.970,3.000,5.000,3.000,3.000,
18.980,3.000,5.000,3.000,3.000,
18.990,3.000,5.000,3.000,3.000,
19.000,3.000,5.000,3.000,3.000,
19.010,3.000,5.000,3.000,3.000,
19.020,3.000,5.000,3.000,3.000,
19.030,3.000,5.000,3.000,3.000,
19.040,3.000,5.000,3.000,3.000,
19.050,3.000,5.000,3.000,3.000,
19.060,3.000,5.000,3.000,3.000,
19.070,3.000,5.000,3.000,3.000,
19.080,3.000,5.000,3.000,3.000,
19.090,3.000,5.000,3.000,3.000,
19.100,3.000,5.000,3.000,3.000,
19.110,3.000,5.000,3.000,3.000,
19.120,3.000,5.000,3.000,3.000,
19.130,3.000,5.000,3.000,3.000,
19.140,3.000,5.000,3.000,3.000,
19.150,3.000,5.000,3.000,3.000,
19.160,3.000,5.000,3.000,3.000,
19.170,3.000,5.000,3.000,3.000,
19.180,3.000,5.000,3.000,3.000,
19.190,3.000,5.000,3.000,3.000,
19.200,3.000,5.000,3.000,3.000,
19.210,3.000,5.000,3.000,3.000,
19.220,3.000,5.000,3.000,3.000,
19.230,3.000,5.000,3.000,3.000,
19.240,3.000,5.000,3.000,3.000,
19.250,3.000,5.000,3.000,3.000,
19.260,3.000,5.000,3.000,3.000,
19.270,3.000,5.000,3.000,3.000,
19.280,3.000,5.000,3.000,3.000,
19.290,3.000,5.000,3.000,3.000,
19.300,3.000,5.000,3.000,3.000,
19.310,3.000,5.000,3.000,3.000,
19.320,3.000,5.000,3.000,3.000,
19.330,3.000,5.000,3.000,3.000,
19.340,3.000,5.000,3.000,3.000,
19.350,3.000,5.000,3.000,3.000,
19.360,3.000,5.000,3.000,3.000,
19.370,3.000,5.000,3.000,3.000,
19.380,3.000,5.000,3.000,3.000,
19.390,3.000,5.000,3.000,3.000,
19.400,3.000,5.000,3.000,3.000,
19.410,3.000,5.000,3.000,3.000,
19.420,3.000,5.000,3.000,3.000,
19.430,3.000,5.000,3.000,3.000,
19.440,3.000,5.000,3.000,3.000,
19.450,3.000,5.000,3.000,3.000,
19.460,3.000,5.000,3.000,3.000,
19.470,3.000,5.000,3.000,3.000,
19.480,3.000,5.000,3.000,3.000,
19.490,3.000,5.000,3.000,3.000,
19.500,3.000,5.000,3.000,3.000,
19.510,3.000,5.000,3.000,3.000,
19.520,3.000,5.000,3.000,3.000,
19.530,3.000,5.000,3.000,3.000,
19.540,3.000,5.000,3.000,3.000,
19.550,3.000,5.000,3.000,3.000,
19.560,3.000,5.000,3.000,3.000,
19.570,3.000,5.000,3.000,3.000,
19.580,3.000,5.000,3.000,3.000,
19.590,3.000,5.000,3.000,3.000,
19.600,3.000,5.000,3.000,3.000,
19.610,3.000,5.000,3.000,3.000,
19.620,3.000,5.000,3.000,3.000,
19.630,3.000,5.000,3.000,3.000,
19.640,3.000,5.000,3.000,3.000,
19.650,3.000,5.000,3.000,3.000,
19.660,3.000,5.000,3.000,3.000,
19.670,3.000,5.000,3.000,3.000,
19.680,3.000,5.000,3.000,3.000,
19.690,3.000,5.000,3.000,3.000,
19.700,3.000,5.000,3.000,3.000,
19.710,3.000,5.000,3.000,3.000,
19.720,3.000,5.000,3.000,3.000,
19.730,3.000,7.000,3.000,3.000,
19.740,3.000,7.000,3.000,3.000,
19.750,3.000,7.000,3.000,3.000,
19.760,3.000,7.000,3.000,3.000,
19.770,3.000,7.000,3.000,3.000,
19.780,3.000,7.000,3.000,3.000,
19.790,3.000,1.000,3.000,3.000,
19.800,3.000,1.000,3.000,3.000,
19.810,3.000,1.000,3.000,3.000,
19.820,3.000,1.000,3.000,3.000,
19.830,3.000,1.000,3.000,3.000,
19.840,3.000,1.000,3.000,3.000,
19.850,3.000,1.000,3.000,3.000,
19.860,3.000,1.000,3.000,3.000,
19.870,3.000,1.000,3.000,3.000,
19.880,3.000,1.000,3.000,3.000,
19.890,3.000,1.000,3.000,3.000,
19.900,3.000,3.000,3.000,3.000,
19.910,3.000,3.000,3.000,3.000,
19.920,3.000,3.000,3.000,3.000,
19.930,3.000,3.000,3.000,3.000,
19.940,3.000,3.000,3.000,3.000,
19.950,3.000,3.000,3.000,3.000,
19.960,3.000,3.000,3.000,3.000,
19.970,3.000,3.000,3.000,3.000,
19.980,3.000,3.000,3.000,3.000,
19.990,3.000,3.000,3.000,3.000,
20.000,3.000,3.000,3.000,3.000,
20.010,3.000,3.000,3.000,3.000,
20.020,3.000,3.000,3.000,3.000,
20.030,3.000,3.000,3.000,3.000,
20.040,3.000,3.000,3.000,3.000,
20.050,3.000,3.000,3.000,3.000,
20.060,3.000,3.000,3.000,3.000,
20.070,3.000,3.000,3.000,3.000,
20.080,3.000,3.000,3.000,3.000,
20.090,3.000,3.000,3.000,3.000,
20.100,3.000,3.000,3.000,3.000,
20.110,3.000,3.000,3.000,3.000,
20.120,3.000,3.000,3.000,3.000,
20.130,3.000,3.000,3.000,3.000,
20.140,3.000,3.000,3.000,3.000,
20.150,3.000,3.000,3.000,3.000,
20.160,3.000,3.000,3.000,3.000,
20.170,3.000,3.000,3.000,3.000,
20.180,3.000,3.000,3.000,3.000,
20.190,3.000,3.000,3.000,3.000,
20.200,3.000,3.000,3.000,3.000,
20.210,3.000,3.000,3.000,3.000,
20.220,3.000,3.000,3.000,3.000,
20.230,3.000,3.000,3.000,3.000,
20.240,3.000,3.000,3.000,3.000,
20.250,3.000,3.000,2.000,3.000,
20.260,3.000,3.000,2.000,3.000,
20.270,3.000,3.000,2.000,3.000,
20.280,3.000,3.000,2.000,2.000,
20.290,3.000,3.000,2.000,2.000,
20.300,2.000,3.000,2.000,2.000,
20.310,2.000,3.000,2.000,2.000,
20.320,2.000,3.000,2.000,2.000,
20.330,2.000,3.000,2.000,2.000,
20.340,2.000,3.000,2.000,2.000,
20.350,2.000,3.000,2.000,2.000,
20.360,2.000,3.000,2.000,2.000,
20.370,2.000,3.000,2.000,2.000,
20.380,2.000,3.000,2.000,2.000,
20.390,2.000,3.000,2.000,2.000,
20.400,2.000,3.000,2.000,2.000,
20.410,2.000,3.000,2.000,2.000,
20.420,2.000,3.000,2.000,2.000,
20.430,2.000,3.000,2.000,2.000,
20.440,2.000,3.000,2.000,2.000,
20.450,2.000,3.000,2.000,2.000,
20.460,2.000,3.000,2.000,2.000,
20.470,2.000,3.000,2.000,2.000,
20.480,2.000,3.000,2.000,2.000,
20.490,2.000,3.000,2.000,2.000,
20.500,2.000,3.000,2.000,2.000,
20.510,2.000,3.000,2.000,2.000,
20.520,2.000,3.000,2.000,2.000,
20.530,2.000,3.000,2.000,2.000,
20.540,2.000,3.000,2.000,2.000,
20.550,2.000,3.000,2.000,2.000,
20.560,2.000,3.000,2.000,2.000,
20.570,2.000,3.000,2.000,2.000,
20.580,2.000,3.000,2.000,2.000,
20.590,2.000,3.000,2.000,2.000,
20.600,2.000,3.000,2.000,2.000,
20.610,2.000,3.000,2.000,2.000,
20.620,2.000,3.000,2.000,2.000,
20.630,2.000,3.000,2.000,2.000,
20.640,2.000,3.000,2.000,2.000,
20.650,2.000,3.000,2.000,2.000,
20.660,2.000,3.000,2.000,2.000,
20.670,2.000,3.000,2.000,2.000,
20.680,2.000,3.000,2.000,2.000,
20.690,2.000,3.000,2.000,2.000,
20.700,2.000,3.000,2.000,2.000,
20.710,2.000,3.000,2.000,2.000,
20.720,2.000,3.000,2.000,2.000,
20.730,2.000,3.000,2.000,2.000,
20.740,2.000,3.000,2.000,2.000,
20.750,2.000,3.000,2.000,2.000,
20.760,2.000,3.000,2.000,2.000,
20.770,2.000,3.000,2.000,2.000,
20.780,2.000,3.000,2.000,2.000,
20.790,2.000,3.000,2.000,2.000,
20.800,2.000,3.000,2.000,2.000,
20.810,2.000,3.000,2.000,2.000,
20.820,2.000,3.000,2.000,2.000,
20.830,2.000,3.000,2.000,2.000,
20.840,2.000,3.000,2.000,2.000,
20.850,2.000,3.000,2.000,2.000,
20.860,2.000,3.000,2.000,2.000,
20.870,2.000,3.000,2.000,2.000,
20.880,2.000,3.000,2.000,2.000,
20.890,2.000,3.000,2.000,2.000,
20.900,2.000,3.000,2.000,2.000,
20.910,2.000,3.000,2.000,2.000,
20.920,2.000,3.000,2.000,2.000,
20.930,2.000,3.000,2.000,2.000,
20.940,2.000,3.000,2.000,2.000,
20.950,2.000,3.000,2.000,2.000,
20.960,2.000,3.000,2.000,2.000,
20.970,2.000,3.000,2.000,2.000,
20.980,2.000,3.000,2.000,2.000,
20.990,2.000,3.000,2.000,2.000,
21.000,2.000,3.000,2.000,2.000,
21.010,2.000,3.000,2.000,2.000,
21.020,2.000,3.000,2.000,2.000,
21.030,2.000,3.000,2.000,2.000,
21.040,2.000,3.000,2.000,2.000,
21.050,2.000,3.000,2.000,2.000,
21.060,2.000,3.000,2.000,2.000,
21.070,2.000,3.000,2.000,2.000,
21.080,2.000,3.000,2.000,2.000,
21.090,2.000,3.000,2.000,2.000,
21.100,2.000,3.000,2.000,2.000,
21.110,2.000,3.000,2.000,2.000,
21.120,2.000,3.000,2.000,2.000,
21.130,2.000,3.000,2.000,2.000,
21.140,2.000,3.000,2.000,2.000,
21.150,2.000,3.000,2.000,2.000,
21.160,2.000,3.000,2.000,2.000,
21.170,2.000,3.000,2.000,2.000,
21.180,2.000,3.000,2.000,2.000,
21.190,2.000,3.000,2.000,2.000,
21.200,2.000,3.000,2.000,2.000,
21.210,2.000,3.000,2.000,2.000,
21.220,2.000,3.000,2.000,2.000,
21.230,2.000,3.000,2.000,2.000,
21.240,2.000,3.000,2.000,2.000,
21.250,2.000,3.000,2.000,2.000,
21.260,2.000,3.000,2.000,2.000,
21.270,2.000,3.000,2.000,2.000,
21.280,2.000,3.000,2.000,2.000,
21.290,2.000,3.000,2.000,2.000,
21.300,2.000,3.000,2.000,2.000,
21.310,2.000,3.000,2.000,2.000,
21.320,2.000,3.000,2.000,2.000,
21.330,2.000,3.000,2.000,2.000,
21.340,2.000,3.000,2.000,2.000,
21.350,2.000,3.000,2.000,2.000,
21.360,2.000,3.000,2.000,2.000,
21.370,2.000,3.000,2.000,2.000,
21.380,2.000,3.000,2.000,2.000,
21.390,2.000,3.000,2.000,2.000,
21.400,2.000,3.000,2.000,2.000,
21.410,2.000,3.000,2.000,2.000,
21.420,2.000,3.000,2.000,2.000,
21.430,2.000,3.000,2.000,2.000,
21.440,2.000,3.000,2.000,2.000,
21.450,2.000,3.000,2.000,2.000,
21.460,2.000,3.000,2.000,2.000,
21.470,2.000,3.000,2.000,2.000,
21.480,2.000,2.000,2.000,2.000,
21.490,2.000,2.000,2.000,2.000,
21.500,2.000,2.000,2.000,2.000,
21.510,2.000,2.000,2.000,2.000,
21.520,2.000,2.000,2.000,2.000,
21.530,2.000,2.000,2.000,2.000,
21.540,2.000,2.000,2.000,2.000,
21.550,2.000,2.000,2.000,2.000,
21.560,2.000,2.000,2.000,2.000,
21.570,2.000,2.000,2.000,2.000,
21.580,2.000,2.000,2.000,2.000,
21.590,2.000,2.000,2.000,2.000,
21.600,2.000,2.000,2.000,2.000,
21.610,2.000,2.000,2.000,2.000,
21.620,2.000,2.000,2.000,2.000,
21.630,2.000,2.000,2.000,2.000,
21.640,2.000,2.000,2.000,2.000,
21.650,2.000,2.000,2.000,2.000,
21.660,2.000,2.000,2.000,2.000,
21.670,2.000,2.000,2.000,2.000,
21.680,2.000,2.000,2.000,2.000,
21.690,2.000,2.000,2.000,2.000,
21.700,2.000,2.000,2.000,2.000,
21.710,2.000,2.000,2.000,2.000,
21.720,2.000,2.000,2.000,2.000,
21.730,2.000,2.000,2.000,2.000,
21.740,2.000,2.000,2.000,2.000,
21.750,2.000,2.000,2.000,2.000,
21.760,2.000,2.000,2.000,2.000,
21.770,2.000,2.000,2.000,2.000,
21.780,2.000,2.000,2.000,2.000,
21.790,2.000,2.000,2.000,2.000,
21.800,2.000,2.000,2.000,2.000,
21.810,2.000,2.000,2.000,2.000,
21.820,2.000,2.000,2.000,2.000,
21.830,2.000,2.000,2.000,2.000,
21.840,2.000,2.000,2.000,2.000,
21.850,2.000,2.000,2.000,2.000,
21.860,2.000,2.000,2.000,2.000,
21.870,2.000,2.000,2.000,2.000,
21.880,2.000,2.000,2.000,2.000,
21.890,2.000,2.000,2.000,2.000,
21.900,2.000,2.000,2.000,2.000,
21.910,2.000,2.000,2.000,2.000,
21.920,2.000,2.000,2.000,2.000,
21.930,2.000,2.000,2.000,2.000,
21.940,2.000,2.000,2.000,2.000,
21.950,2.000,2.000,2.000,2.000,
21.960,2.000,2.000,2.000,2.000,
21.970,2.000,2.000,2.000,2.000,
21.980,2.000,2.000,2.000,2.000,
21.990,2.000,2.000,2.000,2.000,
22.000,2.000,2.000,2.000,2.000,
22.010,2.000,2.000,2.000,2.000,
22.020,2.000,2.000,2.000,2.000,
22.030,2.000,2.000,2.000,2.000,
22.040,2.000,2.000,2.000,2.000,
22.050,2.000,2.000,2.000,2.000,
22.060,2.000,2.000,2.000,2.000,
22.070,2.000,2.000,2.000,2.000,
22.080,2.000,2.000,2.000,2.000,
22.090,2.000,2.000,2.000,2.000,
22.100,2.000,2.000,2.000,2.000,
22.110,2.000,2.000,2.000,2.000,
22.120,2.000,2.000,2.000,2.000,
22.130,2.000,2.000,2.000,2.000,
22.140,2.000,2.000,2.000,2.000,
22.150,2.000,2.000,2.000,2.000,
22.160,2.000,2.000,2.000,2.000,
22.170,2.000,2.000,2.000,2.000,
22.180,2.000,2.000,2.000,2.000,
22.190,2.000,2.000,2.000,2.000,
22.200,2.000,2.000,2.000,2.000,
22.210,2.000,2.000,2.000,2.000,
22.220,2.000,2.000,2.000,2.000,
22.230,2.000,2.000,2.000,2.000,
22.240,2.000,2.000,2.000,2.000,
22.250,2.000,2.000,2.000,2.000,
22.260,2.000,2.000,2.000,2.000,
22.270,2.000,2.000,2.000,2.000,
22.280,2.000,2.000,2.000,2.000,
22.290,2.000,2.000,2.000,2.000,
22.300,2.000,2.000,2.000,2.000,
22.310,2.000,2.000,2.000,2.000,
22.320,2.000,2.000,6.000,2.000,
22.330,2.000,2.000,6.000,2.000,
22.340,2.000,2.000,6.000,2.000,
22.350,2.000,2.000,6.000,6.000,
22.360,4.000,2.000,6.000,6.000,
22.370,4.000,2.000,6.000,6.000,
22.380,4.000,2.000,6.000,6.000,
22.390,6.000,2.000,6.000,6.000,
22.400,6.000,2.000,6.000,6.000,
22.410,6.000,2.000,6.000,6.000,
22.420,6.000,2.000,6.000,6.000,
22.430,6.000,2.000,6.000,6.000,
22.440,6.000,2.000,6.000,6.000,
22.450,6.000,2.000,6.000,6.000,
22.460,6.000,2.000,6.000,6.000,
22.470,6.000,2.000,6.000,6.000,
22.480,6.000,2.000,6.000,6.000,
22.490,6.000,2.000,6.000,6.000,
22.500,6.000,2.000,6.000,6.000,
22.510,6.000,2.000,6.000,6.000,
22.520,6.000,2.000,6.000,6.000,
22.530,6.000,2.000,6.000,6.000,
22.540,6.000,2.000,6.000,6.000,
22.550,6.000,2.000,6.000,6.000,
22.560,6.000,2.000,6.000,6.000,
22.570,6.000,2.000,6.000,6.000,
22.580,6.000,2.000,6.000,6.000,
22.590,6.000,2.000,6.000,6.000,
22.600,6.000,2.000,6.000,6.000,
22.610,6.000,2.000,6.000,6.000,
22.620,6.000,2.000,6.000,6.000,
22.630,6.000,2.000,6.000,6.000,
22.640,6.000,2.000,6.000,6.000,
22.650,6.000,2.000,6.000,6.000,
22.660,6.000,2.000,6.000,6.000,
22.670,6.000,2.000,6.000,6.000,
22.680,6.000,2.000,6.000,6.000,
22.690,6.000,2.000,6.000,6.000,
22.700,6.000,2.000,6.000,6.000,
22.710,6.000,2.000,6.000,6.000,
22.720,6.000,2.000,6.000,6.000,
22.730,6.000,2.000,6.000,6.000,
22.740,6.000,2.000,6.000,6.000,
22.750,6.000,2.000,6.000,6.000,
22.760,6.000,2.000,6.000,6.000,
22.770,6.000,2.000,6.000,6.000,
22.780,6.000,2.000,6.000,6.000,
22.790,6.000,2.000,6.000,6.000,
22.800,6.000,2.000,6.000,6.000,
22.810,6.000,2.000,6.000,6.000,
22.820,6.000,2.000,6.000,6.000,
22.830,6.000,2.000,6.000,6.000,
22.840,6.000,2.000,6.000,6.000,
22.850,6.000,2.000,6.000,6.000,
22.860,6.000,2.000,6.000,6.000,
22.870,6.000,2.000,6.000,6.000,
22.880,6.000,2.000,6.000,6.000,
22.890,6.000,2.000,6.000,6.000,
22.900,6.000,2.000,6.000,6.000,
22.910,6.000,2.000,6.000,6.000,
22.920,6.000,2.000,6.000,6.000,
22.930,6.000,2.000,6.000,6.000,
22.940,6.000,2.000,6.000,6.000,
22.950,6.000,2.000,6.000,6.000,
22.960,6.000,2.000,6.000,6.000,
22.970,6.000,2.000,6.000,6.000,
22.980,6.000,2.000,6.000,6.000,
22.990,6.000,2.000,6.000,6.000,
23.000,6.000,2.000,6.000,6.000,
23.010,6.000,2.000,6.000,6.000,
23.020,6.000,2.000,6.000,6.000,
23.030,6.000,2.000,6.000,6.000,
23.040,6.000,2.000,6.000,6.000,
23.050,6.000,2.000,6.000,6.000,
23.060,6.000,2.000,6.000,6.000,
23.070,6.000,2.000,6.000,6.000,
23.080,6.000,2.000,6.000,6.000,
23.090,6.000,2.000,6.000,6.000,
23.100,6.000,2.000,6.000,6.000,
23.110,6.000,2.000,6.000,6.000,
23.120,6.000,2.000,6.000,6.000,
23.130,6.000,2.000,6.000,6.000,
23.140,6.000,2.000,6.000,6.000,
23.150,6.000,2.000,6.000,6.000,
23.160,6.000,2.000,6.000,6.000,
23.170,6.000,2.000,6.000,6.000,
23.180,6.000,2.000,6.000,6.000,
23.190,6.000,2.000,6.000,6.000,
23.200,6.000,2.000,6.000,6.000,
23.210,6.000,2.000,6.000,6.000,
23.220,6.000,2.000,6.000,6.000,
23.230,6.000,2.000,6.000,6.000,
23.240,6.000,2.000,6.000,6.000,
23.250,6.000,2.000,6.000,6.000,
23.260,6.000,2.000,6.000,6.000,
23.270,6.000,2.000,6.000,6.000,
23.280,6.000,2.000,6.000,6.000,
23.290,6.000,2.000,6.000,6.000,
23.300,6.000,2.000,6.000,6.000,
23.310,6.000,2.000,6.000,6.000,
23.320,6.000,2.000,6.000,6.000,
23.330,6.000,2.000,6.000,6.000,
23.340,6.000,2.000,6.000,6.000,
23.350,6.000,2.000,6.000,6.000,
23.360,6.000,2.000,6.000,6.000,
23.370,6.000,2.000,6.000,6.000,
23.380,6.000,2.000,6.000,6.000,
23.390,6.000,2.000,6.000,6.000,
23.400,6.000,2.000,6.000,6.000,
23.410,6.000,6.000,6.000,6.000,
23.420,6.000,6.000,6.000,6.000,
23.430,6.000,6.000,6.000,6.000,
23.440,6.000,6.000,6.000,6.000,
23.450,6.000,6.000,6.000,6.000,
23.460,6.000,6.000,6.000,6.000,
23.470,6.000,6.000,6.000,6.000,
23.480,6.000,6.000,6.000,6.000,
23.490,6.000,6.000,6.000,6.000,
23.500,6.000,6.000,4.000,6.000,
23.510,6.000,6.000,6.000,6.000,
23.520,6.000,6.000,6.000,6.000,
23.530,6.000,6.000,6.000,6.000,
23.540,6.000,6.000,6.000,6.000,
23.550,6.000,6.000,6.000,6.000,
23.560,6.000,6.000,6.000,6.000,
23.570,6.000,6.000,6.000,6.000,
23.580,6.000,6.000,6.000,6.000,
23.590,6.000,6.000,6.000,6.000,
23.600,6.000,6.000,6.000,6.000,
23.610,6.000,6.000,6.000,6.000,
23.620,6.000,6.000,6.000,6.000,
23.630,6.000,6.000,6.000,6.000,
23.640,6.000,6.000,6.000,6.000,
23.650,6.000,6.000,6.000,6.000,
23.660,6.000,6.000,6.000,6.000,
23.670,6.000,6.000,6.000,6.000,
23.680,6.000,6.000,6.000,6.000,
23.690,6.000,6.000,6.000,6.000,
23.700,6.000,6.000,6.000,6.000,
23.710,6.000,6.000,6.000,6.000,
23.720,6.000,6.000,6.000,6.000,
23.730,6.000,6.000,6.000,6.000,
23.740,6.000,6.000,6.000,6.000,
23.750,6.000,6.000,6.000,6.000,
23.760,6.000,6.000,6.000,6.000,
23.770,6.000,6.000,6.000,6.000,
23.780,6.000,6.000,4.000,6.000,
23.790,6.000,6.000,4.000,6.000,
23.800,6.000,6.000,4.000,6.000,
23.810,6.000,6.000,4.000,6.000,
23.820,6.000,6.000,4.000,6.000,
23.830,6.000,6.000,2.000,6.000,
23.840,6.000,6.000,2.000,6.000,
23.850,6.000,6.000,2.000,6.000,
23.860,6.000,6.000,2.000,6.000,
23.870,6.000,6.000,2.000,6.000,
23.880,6.000,6.000,2.000,6.000,
23.890,6.000,6.000,2.000,6.000,
23.900,6.000,6.000,1.000,6.000,
23.910,6.000,6.000,1.000,6.000,
23.920,6.000,6.000,1.000,6.000,
23.930,6.000,6.000,1.000,6.000,
23.940,6.000,6.000,1.000,6.000,
23.950,6.000,6.000,1.000,6.000,
23.960,6.000,6.000,1.000,6.000,
23.970,6.000,6.000,1.000,6.000,
23.980,6.000,6.000,1.000,6.000,
23.990,6.000,6.000,1.000,6.000,
24.000,6.000,6.000,1.000,6.000,
24.010,6.000,6.000,1.000,6.000,
24.020,6.000,6.000,1.000,6.000,
24.030,6.000,6.000,1.000,6.000,
24.040,6.000,6.000,1.000,6.000,
24.050,6.000,6.000,1.000,6.000,
24.060,6.000,6.000,1.000,6.000,
24.070,6.000,6.000,1.000,6.000,
24.080,6.000,6.000,1.000,6.000,
24.090,6.000,6.000,1.000,6.000,
24.100,6.000,6.000,1.000,6.000,
24.110,6.000,6.000,1.000,6.000,
24.120,6.000,6.000,1.000,6.000,
24.130,6.000,6.000,1.000,6.000,
24.140,6.000,6.000,1.000,6.000,
24.150,6.000,6.000,1.000,6.000,
24.160,6.000,6.000,1.000,6.000,
24.170,6.000,6.000,1.000,6.000,
24.180,6.000,6.000,1.000,6.000,
24.190,6.000,6.000,1.000,6.000,
24.200,6.000,6.000,1.000,6.000,
24.210,6.000,6.000,1.000,6.000,
24.220,6.000,6.000,1.000,6.000,
24.230,6.000,6.000,1.000,6.000,
24.240,6.000,6.000,1.000,6.000,
24.250,6.000,6.000,1.000,6.000,
24.260,6.000,6.000,1.000,6.000,
24.270,6.000,6.000,1.000,6.000,
24.280,6.000,6.000,1.000,6.000,
24.290,6.000,6.000,1.000,6.000,
24.300,6.000,6.000,1.000,6.000,
24.310,6.000,6.000,1.000,6.000,
24.320,6.000,6.000,1.000,6.000,
24.330,6.000,6.000,1.000,6.000,
24.340,6.000,6.000,1.000,6.000,
24.350,6.000,6.000,1.000,6.000,
24.360,6.000,6.000,1.000,6.000,
24.370,6.000,6.000,1.000,6.000,
24.380,6.000,6.000,1.000,6.000,
24.390,6.000,6.000,1.000,6.000,
24.400,6.000,6.000,1.000,6.000,
24.410,6.000,6.000,1.000,6.000,
24.420,6.000,6.000,1.000,6.000,
24.430,6.000,6.000,1.000,6.000,
24.440,6.000,6.000,1.000,6.000,
24.450,6.000,6.000,1.000,6.000,
24.460,6.000,6.000,1.000,6.000,
24.470,6.000,6.000,1.000,6.000,
24.480,6.000,6.000,1.000,6.000,
24.490,6.000,6.000,1.000,6.000,
24.500,6.000,6.000,1.000,6.000,
24.510,6.000,6.000,1.000,6.000,
24.520,6.000,6.000,1.000,6.000,
24.530,6.000,6.000,1.000,6.000,
24.540,6.000,6.000,1.000,6.000,
24.550,6.000,6.000,1.000,6.000,
24.560,6.000,6.000,1.000,6.000,
24.570,6.000,6.000,1.000,6.000,
24.580,6.000,6.000,1.000,6.000,
24.590,6.000,6.000,1.000,6.000,
24.600,6.000,6.000,1.000,6.000,
24.610,6.000,6.000,1.000,6.000,
24.620,6.000,6.000,1.000,6.000,
24.630,6.000,6.000,1.000,6.000,
24.640,6.000,6.000,1.000,6.000,
24.650,6.000,6.000,1.000,6.000,
24.660,6.000,6.000,1.000,6.000,
24.670,6.000,6.000,1.000,6.000,
24.680,6.000,6.000,1.000,6.000,
24.690,6.000,6.000,1.000,6.000,
24.700,6.000,6.000,1.000,6.000,
24.710,6.000,6.000,1.000,6.000,
24.720,6.000,6.000,1.000,6.000,
24.730,6.000,6.000,1.000,6.000,
24.740,6.000,6.000,1.000,6.000,
24.750,6.000,6.000,1.000,6.000,
24.760,6.000,6.000,1.000,6.000,
24.770,6.000,6.000,1.000,6.000,
24.780,6.000,6.000,1.000,6.000,
24.790,6.000,6.000,1.000,6.000,
24.800,6.000,6.000,1.000,6.000,
24.810,6.000,6.000,1.000,6.000,
24.820,6.000,6.000,1.000,6.000,
24.830,6.000,6.000,1.000,6.000,
24.840,6.000,6.000,1.000,6.000,
24.850,6.000,6.000,1.000,6.000,
24.860,6.000,6.000,1.000,6.000,
24.870,6.000,6.000,1.000,6.000,
24.880,6.000,6.000,1.000,6.000,
24.890,6.000,6.000,1.000,6.000,
24.900,6.000,6.000,1.000,6.000,
24.910,6.000,6.000,1.000,6.000,
24.920,6.000,6.000,1.000,6.000,
24.930,6.000,6.000,1.000,6.000,
24.940,6.000,6.000,1.000,6.000,
24.950,6.000,6.000,1.000,6.000,
24.960,6.000,6.000,1.000,6.000,
24.970,6.000,6.000,1.000,6.000,
24.980,6.000,6.000,1.000,6.000,
24.990,6.000,6.000,1.000,6.000,
25.000,6.000,6.000,1.000,6.000,
25.010,6.000,6.000,1.000,6.000,
25.020,6.000,6.000,1.000,6.000,
25.030,6.000,6.000,1.000,6.000,
25.040,6.000,6.000,1.000,6.000,
25.050,6.000,6.000,1.000,6.000,
25.060,6.000,6.000,1.000,6.000,
25.070,6.000,6.000,1.000,6.000,
25.080,6.000,6.000,1.000,6.000,
25.090,6.000,6.000,1.000,6.000,
25.100,6.000,6.000,1.000,6.000,
25.110,6.000,6.000,1.000,6.000,
25.120,6.000,6.000,1.000,6.000,
25.130,6.000,6.000,1.000,6.000,
25.140,6.000,6.000,1.000,6.000,
25.150,6.000,6.000,1.000,6.000,
25.160,6.000,6.000,1.000,6.000,
25.170,6.000,6.000,1.000,6.000,
25.180,6.000,6.000,1.000,6.000,
25.190,6.000,6.000,1.000,6.000,
25.200,6.000,6.000,1.000,6.000,
25.210,6.000,6.000,1.000,6.000,
25.220,6.000,6.000,1.000,6.000,
25.230,6.000,6.000,1.000,6.000,
25.240,1.000,6.000,1.000,6.000,
25.250,1.000,6.000,1.000,6.000,
25.260,1.000,6.000,1.000,6.000,
25.270,1.000,6.000,1.000,6.000,
25.280,1.000,6.000,1.000,6.000,
25.290,1.000,6.000,1.000,6.000,
25.300,1.000,6.000,1.000,6.000,
25.310,1.000,6.000,1.000,6.000,
25.320,1.000,6.000,1.000,6.000,
25.330,1.000,6.000,1.000,6.000,
25.340,1.000,6.000,1.000,6.000,
25.350,5.000,6.000,1.000,6.000,
25.360,0.000,6.000,1.000,6.000,
25.370,5.000,6.000,1.000,6.000,
25.380,5.000,6.000,1.000,6.000,
25.390,5.000,6.000,1.000,6.000,
25.400,5.000,6.000,1.000,6.000,
25.410,5.000,6.000,1.000,6.000,
25.420,5.000,6.000,1.000,6.000,
25.430,5.000,6.000,-,6.000,
25.440,5.000,6.000,-,6.000,
25.450,5.000,6.000,-,6.000,
25.460,5.000,6.000,-,6.000,
25.470,5.000,6.000,-,6.000,
25.480,5.000,6.000,-,-,
25.490,5.000,6.000,-,-,
25.500,5.000,6.000,-,-,
25.510,5.000,6.000,-,-,
25.520,5.000,6.000,-,-,
25.530,5.000,6.000,-,-,
25.540,5.000,6.000,-,-,
25.550,5.000,6.000,-,-,
25.560,5.000,6.000,-,-,
25.570,5.000,6.000,-,-,
25.580,5.000,6.000,-,-,
25.590,5.000,6.000,-,-,
25.600,5.000,6.000,-,-,
25.610,5.000,6.000,-,-,
25.620,5.000,6.000,-,-,
25.630,5.000,6.000,-,-,
25.640,5.000,6.000,-,-,
25.650,5.000,6.000,-,-,
25.660,5.000,6.000,-,-,
25.670,5.000,6.000,-,-,
25.680,5.000,6.000,-,-,
25.690,5.000,6.000,-,-,
25.700,5.000,6.000,-,-,
25.710,5.000,6.000,-,-,
25.720,5.000,6.000,-,-,
25.730,5.000,6.000,-,-,
25.740,5.000,6.000,-,-,
25.750,5.000,6.000,-,-,
25.760,5.000,6.000,-,-,
25.770,5.000,6.000,-,-,
25.780,5.000,6.000,-,-,
25.790,5.000,6.000,-,-,
25.800,5.000,6.000,-,-,
25.810,5.000,6.000,-,-,
25.820,5.000,6.000,-,-,
25.830,5.000,6.000,-,-,
25.840,5.000,6.000,-,-,
25.850,5.000,6.000,-,-,
25.860,5.000,6.000,-,-,
25.870,5.000,6.000,-,-,
25.880,5.000,6.000,-,-,
25.890,5.000,6.000,-,-,
25.900,5.000,6.000,-,-,
25.910,5.000,6.000,-,-,
25.920,5.000,6.000,-,-,
25.930,5.000,6.000,-,-,
25.940,5.000,6.000,-,-,
25.950,5.000,6.000,-,-,
25.960,5.000,6.000,-,-,
25.970,5.000,6.000,-,-,
25.980,5.000,6.000,-,-,
25.990,5.000,6.000,-,-,
26.000,5.000,6.000,-,-,
26.010,5.000,6.000,-,-,
26.020,5.000,6.000,-,-,
26.030,5.000,6.000,-,-,
26.040,5.000,6.000,-,-,
26.050,5.000,6.000,-,-,
26.060,5.000,6.000,-,-,
26.070,5.000,6.000,-,-,
26.080,5.000,6.000,-,-,
26.090,5.000,6.000,-,-,
26.100,5.000,6.000,-,-,
26.110,5.000,6.000,-,-,
26.120,5.000,6.000,-,-,
26.130,5.000,6.000,-,-,
26.140,5.000,6.000,-,-,
26.150,5.000,6.000,-,-,
26.160,5.000,6.000,-,-,
26.170,5.000,6.000,-,-,
26.180,5.000,6.000,-,-,
26.190,5.000,6.000,-,-,
26.200,5.000,6.000,-,-,
26.210,5.000,6.000,-,-,
26.220,5.000,6.000,-,-,
26.230,5.000,6.000,-,-,
26.240,5.000,6.000,-,-,
26.250,5.000,6.000,-,-,
26.260,5.000,6.000,-,-,
26.270,5.000,6.000,-,-,
26.280,5.000,6.000,-,-,
26.290,5.000,6.000,-,-,
26.300,5.000,6.000,-,-,
26.310,5.000,6.000,-,-,
26.320,5.000,6.000,-,-,
26.330,5.000,6.000,-,-,
26.340,5.000,6.000,-,-,
26.350,5.000,6.000,-,-,
26.360,5.000,6.000,-,-,
26.370,5.000,-,-,-,
26.380,5.000,-,-,-,
26.390,5.000,-,-,-,
26.400,5.000,-,-,-,
26.410,5.000,-,-,-,
26.420,5.000,-,-,-,
26.430,5.000,-,-,-,
26.440,5.000,-,-,-,
26.450,5.000,-,-,-,
26.460,5.000,-,-,-,
26.470,5.000,-,-,-,
26.480,5.000,-,-,-,
26.490,5.000,-,-,-,
26.500,5.000,-,-,-,
26.510,5.000,-,-,-,
26.520,5.000,-,-,-,
26.530,5.000,-,-,-,
26.540,5.000,-,-,-,
26.550,5.000,-,-,-,
26.560,5.000,-,-,-,
26.570,5.000,-,-,-,
26.580,5.000,-,-,-,
26.590,5.000,-,-,-,
26.600,5.000,-,-,-,
26.610,5.000,-,-,-,
26.620,5.000,-,-,-,
26.630,5.000,-,-,-,
26.640,5.000,-,-,-,
26.650,5.000,-,-,-,
26.660,5.000,-,-,-,
26.670,5.000,-,-,-,
26.680,5.000,-,-,-,
26.690,5.000,-,-,-,
26.700,0.000,-,-,-,
26.710,5.000,-,-,-,
26.720,5.000,-,-,-,
26.730,5.000,-,-,-,
26.740,5.000,-,-,-,
26.750,5.000,-,-,-,
26.760,5.000,-,-,-,
26.770,5.000,-,-,-,
26.780,5.000,-,-,-,
26.790,5.000,-,-,-,
26.800,5.000,-,-,-,
26.810,5.000,-,-,-,
26.820,5.000,-,-,-,
26.830,5.000,-,-,-,
26.840,5.000,-,-,-,
26.850,5.000,-,-,-,
26.860,5.000,-,-,-,
26.870,5.000,-,-,-,
26.880,5.000,-,-,-,
26.890,5.000,-,-,-,
26.900,5.000,-,-,-,
26.910,5.000,-,-,-,
26.920,5.000,-,-,-,
26.930,5.000,-,-,-,
26.940,5.000,-,-,-,
26.950,5.000,-,-,-,
26.960,5.000,-,-,-,
26.970,5.000,-,-,-,
26.980,5.000,-,-,-,
26.990,5.000,-,-,-,
27.000,5.000,-,-,-,
27.010,5.000,-,-,-,
27.020,5.000,-,-,-,
27.030,5.000,-,-,-,
27.040,5.000,-,-,-,
27.050,5.000,-,-,-,
27.060,5.000,-,-,-,
27.070,5.000,-,-,-,
27.080,5.000,-,-,-,
27.090,5.000,-,-,-,
27.100,5.000,-,-,-,
27.110,5.000,-,-,-,
27.120,5.000,-,-,-,
27.130,5.000,-,-,-,
27.140,5.000,-,-,-,
27.150,5.000,-,-,-,
27.160,5.000,-,-,-,
27.170,5.000,-,-,-,
27.180,5.000,-,-,-,
27.190,5.000,-,-,-,
27.200,5.000,-,-,-,
27.210,5.000,-,-,-,
27.220,5.000,-,-,-,
27.230,5.000,-,-,-,
27.240,5.000,-,-,-,
27.250,5.000,-,-,-,
27.260,5.000,-,-,-,
27.270,5.000,-,-,-,
27.280,5.000,-,-,-,
27.290,5.000,-,-,-,
27.300,5.000,-,-,-,
27.310,5.000,-,-,-,
27.320,5.000,-,-,-,
27.330,5.000,-,-,-,
27.340,5.000,-,-,-,
27.350,5.000,-,-,-,
27.360,5.000,-,-,-,
27.370,5.000,-,-,-,
27.380,5.000,-,-,-,
27.390,5.000,-,-,-,
27.400,5.000,-,-,-,
27.410,5.000,-,-,-,
27.420,5.000,-,-,-,
27.430,5.000,-,-,-,
27.440,5.000,-,-,-,
27.450,5.000,-,-,-,
27.460,5.000,-,-,-,
27.470,5.000,-,-,-,
27.480,5.000,-,-,-,
27.490,5.000,-,-,-,
27.500,5.000,-,-,-,
27.510,5.000,-,-,-,
27.520,5.000,-,-,-,
27.530,5.000,-,-,-,
27.540,5.000,-,-,-,
27.550,5.000,-,-,-,
27.560,5.000,-,-,-,
27.570,5.000,-,-,-,
27.580,5.000,-,-,-,
27.590,5.000,-,-,-,
27.600,5.000,-,-,-,
27.610,5.000,-,-,-,
27.620,5.000,-,-,-,
27.630,5.000,-,-,-,
27.640,5.000,-,-,-,
27.650,5.000,-,-,-,
27.660,5.000,-,-,-,
27.670,5.000,-,-,-,
27.680,5.000,-,-,-,
27.690,5.000,-,-,-,
27.700,5.000,-,-,-,
27.710,5.000,-,-,-,
27.720,5.000,-,-,-,
27.730,5.000,-,-,-,
27.740,5.000,-,-,-,
27.750,5.000,-,-,-,
27.760,5.000,-,-,-,
27.770,5.000,-,-,-,
27.780,5.000,-,-,-,
27.790,5.000,-,-,-,
27.800,5.000,-,-,-,
27.810,5.000,-,-,-,
27.820,5.000,-,-,-,
27.830,5.000,-,-,-,
27.840,5.000,-,-,-,
27.850,5.000,-,-,-,
27.860,5.000,-,-,-,
27.870,5.000,-,-,-,
27.880,5.000,-,-,-,
27.890,1.000,-,-,-,
27.900,5.000,-,-,-,
27.910,5.000,-,-,-,
27.920,5.000,-,-,-,
27.930,5.000,-,-,-,
27.940,5.000,-,-,-,
27.950,5.000,-,-,-,
27.960,5.000,-,-,-,
27.970,5.000,-,-,-,
27.980,5.000,-,-,-,
27.990,5.000,-,-,-,
28.000,5.000,-,-,-,
28.010,5.000,-,-,-,
28.020,5.000,-,-,-,
28.030,5.000,-,-,-,
28.040,5.000,-,-,-,
28.050,5.000,-,-,-,
28.060,5.000,-,-,-,
28.070,5.000,-,-,-,
28.080,5.000,-,-,-,
28.090,5.000,-,-,-,
28.100,5.000,-,-,-,
28.110,5.000,-,-,-,
28.120,5.000,-,-,-,
28.130,5.000,-,-,-,
28.140,5.000,-,-,-,
28.150,5.000,-,-,-,
28.160,5.000,-,-,-,
28.170,5.000,-,-,-,
28.180,5.000,-,-,-,
28.190,5.000,-,-,-,
28.200,5.000,-,-,-,
28.210,5.000,-,-,-,
28.220,5.000,-,-,-,
28.230,5.000,-,-,-,
28.240,5.000,-,-,-,
28.250,5.000,-,-,-,
28.260,5.000,-,-,-,
28.270,5.000,-,-,-,
28.280,5.000,-,-,-,
28.290,5.000,-,-,-,
28.300,5.000,-,-,-,
28.310,5.000,-,-,-,
28.320,5.000,-,-,-,
28.330,5.000,-,-,-,
28.340,5.000,-,-,-,
28.350,5.000,-,-,-,
28.360,5.000,-,-,-,
28.370,5.000,-,-,-,
28.380,5.000,-,-,-,
28.390,5.000,-,-,-,
28.400,5.000,-,-,-,
28.410,5.000,-,-,-,
28.420,5.000,-,-,-,
28.430,5.000,-,-,-,
28.440,5.000,-,-,-,
28.450,5.000,-,-,-,
28.460,5.000,-,-,-,
28.470,1.000,-,-,-,
28.480,5.000,-,-,-,
28.490,5.000,-,-,-,
28.500,5.000,-,-,-,
28.510,5.000,-,-,-,
28.520,5.000,-,-,-,
28.530,5.000,-,-,-,
28.540,5.000,-,-,-,
28.550,5.000,-,-,-,
28.560,5.000,-,-,-,
28.570,5.000,-,-,-,
28.580,5.000,-,-,-,
28.590,5.000,-,-,-,
28.600,5.000,-,-,-,
28.610,5.000,-,-,-,
28.620,1.000,-,-,-,
28.630,1.000,-,-,-,
28.640,5.000,-,-,-,
28.650,5.000,-,-,-,
28.660,1.000,-,-,-,
28.670,5.000,-,-,-,
28.680,5.000,-,-,-,
28.690,5.000,-,-,-,
28.700,5.000,-,-,-,
28.710,5.000,-,-,-,
28.720,5.000,-,-,-,
28.730,5.000,-,-,-,
28.740,5.000,-,-,-,
28.750,5.000,-,-,-,
28.760,5.000,-,-,-,
28.770,5.000,-,-,-,
28.780,5.000,-,-,-,
28.790,5.000,-,-,-,
28.800,5.000,-,-,-,
28.810,5.000,-,-,-,
28.820,5.000,-,-,-,
28.830,5.000,-,-,-,
28.840,5.000,-,-,-,
28.850,5.000,-,-,-,
28.860,5.000,-,-,-,
28.870,5.000,-,-,-,
28.880,5.000,-,-,-,
28.890,5.000,-,-,-,
28.900,5.000,-,-,-,
28.910,5.000,-,-,-,
28.920,5.000,-,-,-,
28.930,5.000,-,-,-,
28.940,5.000,-,-,-,
28.950,5.000,-,-,-,
28.960,5.000,-,-,-,
28.970,5.000,-,-,-,
28.980,5.000,-,-,-,
28.990,5.000,-,-,-,
29.000,5.000,-,-,-,
29.010,5.000,-,-,-,
29.020,5.000,-,-,-,
29.030,5.000,-,-,-,
29.040,5.000,-,-,-,
29.050,5.000,-,-,-,
29.060,5.000,-,-,-,
29.070,5.000,-,-,-,
29.080,5.000,-,-,-,
29.090,5.000,-,-,-,
29.100,5.000,-,-,-,
29.110,5.000,-,-,-,
29.120,5.000,-,-,-,
29.130,5.000,-,-,-,
29.140,5.000,-,-,-,
29.150,5.000,-,-,-,
29.160,5.000,-,-,-,
29.170,5.000,-,-,-,
29.180,5.000,-,-,-,
29.190,5.000,-,-,-,
29.200,5.000,-,-,-,
29.210,5.000,-,-,-,
29.220,5.000,-,-,-,
29.230,5.000,-,-,-,
29.240,5.000,-,-,-,
29.250,5.000,-,-,-,
29.260,5.000,-,-,-,
29.270,5.000,-,-,-,
29.280,5.000,-,-,-,
29.290,5.000,-,-,-,
29.300,5.000,-,-,-,
29.310,5.000,-,-,-,
29.320,5.000,-,-,-,
29.330,5.000,-,-,-,
29.340,5.000,-,-,-,
29.350,5.000,-,-,-,
29.360,5.000,-,-,-,
29.370,5.000,-,-,-,
29.380,5.000,-,-,-,
29.390,5.000,-,-,-,
29.400,5.000,-,-,-,
29.410,1.000,-,-,-,
29.420,5.000,-,-,-,
29.430,5.000,-,-,-,
29.440,5.000,-,-,-,
29.450,5.000,-,-,-,
29.460,5.000,-,-,-,
29.470,5.000,-,-,-,
29.480,5.000,-,-,-,
29.490,5.000,-,-,-,
29.500,5.000,-,-,-,
29.510,5.000,-,-,-,
29.520,5.000,-,-,-,
29.530,5.000,-,-,-,
29.540,5.000,-,-,-,
29.550,5.000,-,-,-,
29.560,5.000,-,-,-,
29.570,1.000,-,-,-,
29.580,5.000,-,-,-,
29.590,5.000,-,-,-,
29.600,5.000,-,-,-,
29.610,5.000,-,-,-,
29.620,5.000,-,-,-,
